SID,NAME,calc_landfall_time,landfall_lat,landfall_lon,wind_at_landfall_kph,province_landfall,provinces_crossed,time_from_last_landfall_days,time_on_land_h,avg_wind_on_land_kph
1884208N13127,UNNAMED,1884-07-31 07:54:01.332093481,17.2701,106.8499,0.0,tỉnh Quảng Trị,tỉnh Quảng Trị,0.0,2.8,0.0
1887198N15119,UNNAMED,1887-07-22 21:49:25.682318014,20.3,106.6117,0.0,tỉnh Hưng Yên,"tỉnh Hưng Yên, tỉnh Ninh BÌnh, tỉnh Thanh Hóa",0.0,13.2,0.0
1887247N12116,UNNAMED,1887-09-08 09:52:06.815159274,19.6914,105.8483,0.0,tỉnh Thanh Hóa,tỉnh Thanh Hóa,47.5,1.1,0.0
1887262N15125,UNNAMED,1887-09-22 08:12:31.964789044,20.7623,106.7771,0.0,tỉnh Hưng Yên,"tỉnh Hưng Yên, thành phố Hải Phòng, tỉnh Bắc Ninh, Thủ đô Hà Nội",13.93,2.8,0.0
1887274N12119,UNNAMED,1887-10-03 23:30:42.999609319,13.8257,109.2977,0.0,tỉnh Gia Lai,"tỉnh Gia Lai, tỉnh Quảng Ngãi",11.64,9.2,0.0
1888253N11118,UNNAMED,1888-09-11 12:20:04.579694188,12.8617,109.4535,0.0,tỉnh Đắk Lắk,"tỉnh Đắk Lắk, tỉnh Gia Lai",0.0,9.9,0.0
1888268N14134,UNNAMED,1888-09-30 05:09:33.720156428,17.3129,106.7958,0.0,tỉnh Quảng Trị,tỉnh Quảng Trị,18.7,1.8,0.0
1889302N13130,UNNAMED,1889-11-01 09:21:43.944458364,14.7789,109.0276,0.0,tỉnh Quảng Ngãi,tỉnh Quảng Ngãi,0.0,1.6,0.0
1890271N15125,UNNAMED,1890-10-08 06:01:23.730492802,15.1326,108.8977,0.0,tỉnh Quảng Ngãi,tỉnh Quảng Ngãi,0.0,5.0,0.0
1890314N09133,UNNAMED,1890-11-16 04:29:36.549053188,14.4837,109.1013,0.0,tỉnh Gia Lai,"tỉnh Gia Lai, tỉnh Quảng Ngãi",38.94,6.5,0.0
1891316N12127,UNNAMED,1891-11-16 03:10:01.113026289,14.1281,109.2221,0.0,tỉnh Gia Lai,tỉnh Gia Lai,0.0,6.9,0.0
1892206N20113,UNNAMED,1892-07-26 09:56:27.247737001,20.8,106.9079,0.0,thành phố Hải Phòng,thành phố Hải Phòng,0.0,0.9,0.0
1892342N05127,UNNAMED,1892-12-08 03:42:04.757332582,13.4567,109.3159,0.0,tỉnh Đắk Lắk,"tỉnh Đắk Lắk, tỉnh Gia Lai",134.74,4.5,0.0
1893128N11121,UNNAMED,1893-05-13 14:56:13.062888434,21.2927,107.5,0.0,tỉnh Quảng Ninh,tỉnh Quảng Ninh,0.0,3.5,0.0
1893240N15113,UNNAMED,1893-08-31 09:03:01.541994883,17.5367,106.595,0.0,tỉnh Quảng Trị,tỉnh Quảng Trị,109.75,1.9,0.0
1894238N17114,UNNAMED,1894-08-28 09:33:32.569050841,19.8851,105.96,0.0,tỉnh Thanh Hóa,tỉnh Thanh Hóa,0.0,1.4,0.0
1894250N16117,UNNAMED,1894-09-12 08:48:06.849386636,20.7198,106.8012,0.0,thành phố Hải Phòng,thành phố Hải Phòng,14.97,2.2,0.0
1895180N17117,UNNAMED,1895-07-02 06:26:04.898846464,21.4841,108.0548,0.0,tỉnh Quảng Ninh,tỉnh Quảng Ninh,0.0,0.9,0.0
1896275N13118,UNNAMED,1896-10-03 10:08:53.266778919,14.2,109.1852,0.0,tỉnh Gia Lai,tỉnh Gia Lai,0.0,0.9,0.0
1896304N12117,UNNAMED,1896-11-01 04:05:34.927331348,12.9938,109.3876,0.0,tỉnh Đắk Lắk,tỉnh Đắk Lắk,28.75,6.9,0.0
1898276N15112,UNNAMED,1898-10-07 00:37:58.923501970,15.8,108.4202,0.0,thành phố Đà Nẵng,thành phố Đà Nẵng,0.0,10.4,0.0
1899180N15115,UNNAMED,1899-07-03 08:42:52.679137903,21.4572,107.7857,0.0,tỉnh Quảng Ninh,tỉnh Quảng Ninh,0.0,2.3,0.0
1899195N18114,UNNAMED,1899-07-16 09:34:23.326489351,21.6249,107.8883,0.0,tỉnh Quảng Ninh,tỉnh Quảng Ninh,13.04,0.4,0.0
1900231N19121,UNNAMED,1900-08-23 09:57:03.672943106,19.5,105.8065,0.0,tỉnh Thanh Hóa,tỉnh Thanh Hóa,0.0,1.0,0.0
1900267N10126,UNNAMED,1900-09-29 07:22:26.946074575,15.6125,108.5377,0.0,thành phố Đà Nẵng,thành phố Đà Nẵng,36.89,3.6,0.0
1900273N09124,UNNAMED,1900-10-04 07:22:26.946074575,15.6125,108.5377,0.0,thành phố Đà Nẵng,thành phố Đà Nẵng,5.0,3.6,0.0
1900279N13126,UNNAMED,1900-10-09 07:34:43.197406114,14.8194,109.0036,0.0,tỉnh Quảng Ngãi,tỉnh Quảng Ngãi,5.01,3.4,0.0
1900286N13125,UNNAMED,1900-10-18 00:49:10.902174556,13.4,109.227,0.0,tỉnh Đắk Lắk,"tỉnh Đắk Lắk, tỉnh Gia Lai",8.72,10.2,0.0
1900303N12129,UNNAMED,1900-11-04 01:54:34.912757124,13.3698,109.2484,0.0,tỉnh Đắk Lắk,"tỉnh Đắk Lắk, tỉnh Gia Lai",17.05,9.1,0.0
1901228N17115,UNNAMED,1901-08-20 01:05:40.934897854,20.7,106.7929,0.0,tỉnh Hưng Yên,"tỉnh Hưng Yên, thành phố Hải Phòng, tỉnh Ninh BÌnh, tỉnh Phú Thọ",0.0,9.9,0.0
1901295N14134,UNNAMED,1901-10-25 22:29:54.611039389,15.2,108.9003,0.0,tỉnh Quảng Ngãi,"tỉnh Quảng Ngãi, thành phố Đà Nẵng",66.89,8.6,0.0
1902264N18126,UNNAMED,1902-09-25 04:18:43.331527508,15.3793,108.8272,0.0,tỉnh Quảng Ngãi,"tỉnh Quảng Ngãi, thành phố Đà Nẵng",0.0,6.2,0.0
1903153N11127,UNNAMED,1903-06-07 10:08:32.210343506,20.5285,106.5858,0.0,tỉnh Hưng Yên,"tỉnh Hưng Yên, thành phố Hải Phòng",0.0,0.9,0.0
1903253N18120,UNNAMED,1903-09-13 06:52:48.237634084,21.388,107.712,0.0,tỉnh Quảng Ninh,tỉnh Quảng Ninh,97.86,2.6,0.0
1903291N17126,UNNAMED,1903-10-25 08:04:01.565169293,17.2645,106.8577,0.0,tỉnh Quảng Trị,tỉnh Quảng Trị,42.05,2.9,0.0
1905200N17122,UNNAMED,1905-07-22 07:59:33.365283018,19.7333,105.9016,0.0,tỉnh Thanh Hóa,tỉnh Thanh Hóa,0.0,3.0,0.0
1907203N17116,UNNAMED,1907-07-25 19:57:41.230729767,21.0321,107.3719,0.0,tỉnh Quảng Ninh,"tỉnh Quảng Ninh, tỉnh Bắc Ninh, tỉnh Thái Nguyên, tỉnh Phú Thọ, tỉnh Tuyên Quang",0.0,15.0,0.0
1908278N13129,UNNAMED,1908-10-07 02:02:20.527509883,21.0042,107.3579,0.0,tỉnh Bắc Ninh,"tỉnh Quảng Ninh, tỉnh Bắc Ninh, tỉnh Phú Thọ, tỉnh Thái Nguyên, tỉnh Tuyên Quang",0.0,9.0,0.0
1909148N15116,UNNAMED,1909-05-30 17:34:57.556423045,15.5473,108.589,0.0,thành phố Đà Nẵng,"thành phố Đà Nẵng, tỉnh Quảng Ngãi",0.0,6.7,0.0
1909194N19126,UNNAMED,1909-07-16 02:25:59.666704492,20.7957,106.909,0.0,tỉnh Quảng Ninh,"thành phố Hải Phòng, tỉnh Quảng Ninh, tỉnh Bắc Ninh, Thủ đô Hà Nội, tỉnh Thái Nguyên, tỉnh Phú Thọ",46.37,8.6,0.0
1909257N14114,UNNAMED,1909-09-15 07:22:59.600814042,13.6,109.2489,0.0,tỉnh Đắk Lắk,"tỉnh Đắk Lắk, tỉnh Gia Lai",61.21,3.6,0.0
1909300N11130,UNNAMED,1909-10-31 09:18:25.562988496,13.1538,109.2925,0.0,tỉnh Đắk Lắk,"tỉnh Đắk Lắk, tỉnh Gia Lai, tỉnh Quảng Ngãi",46.08,21.0,0.0
1909309N09129,UNNAMED,1909-11-10 01:28:45.077037654,15.8001,108.4202,0.0,thành phố Đà Nẵng,thành phố Đà Nẵng,9.67,7.2,0.0
1911234N15115,UNNAMED,1911-08-23 20:13:59.519265222,15.7413,108.4535,0.0,thành phố Đà Nẵng,"thành phố Đà Nẵng, thành phố Huế",0.0,5.0,0.0
1911254N12144,UNNAMED,1911-09-21 03:57:25.655455170,19.0972,105.7129,0.0,tỉnh Nghệ An,tỉnh Nghệ An,28.32,0.0,0.0
1912200N12126,UNNAMED,1912-07-25 09:40:14.386757379,20.6865,106.7955,0.0,thành phố Hải Phòng,thành phố Hải Phòng,0.0,1.3,0.0
1912281N15140,UNNAMED,1912-10-13 07:07:42.975559920,15.4957,108.6743,0.0,thành phố Đà Nẵng,thành phố Đà Nẵng,79.89,3.9,0.0
1913205N20122,UNNAMED,1913-07-28 15:50:40.400820909,21.3896,107.7156,0.0,tỉnh Quảng Ninh,"tỉnh Quảng Ninh, tỉnh Cao Bằng",0.0,4.3,0.0
1913224N10140,UNNAMED,1913-08-19 03:18:39.578109382,22.2239,106.6985,0.0,tỉnh Lạng Sơn,"tỉnh Lạng Sơn, tỉnh Thái Nguyên",21.48,1.7,0.0
1915282N12120,UNNAMED,1915-10-12 01:04:56.353687590,13.8,109.2863,0.0,tỉnh Gia Lai,tỉnh Gia Lai,0.0,3.9,0.0
1915295N12130,UNNAMED,1915-10-28 17:17:02.791402173,15.5858,108.5574,0.0,thành phố Đà Nẵng,thành phố Đà Nẵng,16.68,7.1,0.0
1916148N08124,UNNAMED,1916-06-01 23:58:43.760211139,20.964,107.2046,0.0,tỉnh Quảng Ninh,"tỉnh Quảng Ninh, tỉnh Bắc Ninh, tỉnh Lạng Sơn",0.0,5.0,0.0
1916282N12119,UNNAMED,1916-10-10 12:31:46.447449214,16.4844,107.7628,0.0,thành phố Huế,"thành phố Huế, tỉnh Quảng Trị",130.52,10.6,0.0
1916308N10117,UNNAMED,1916-11-05 10:55:45.448487745,11.2311,108.7452,0.0,tỉnh Lâm Đồng,"tỉnh Lâm Đồng, tỉnh Đồng Nai",25.93,13.6,0.0
1917270N15116,UNNAMED,1917-09-30 15:21:40.942524582,14.2001,109.1852,0.0,tỉnh Gia Lai,"tỉnh Gia Lai, tỉnh Quảng Ngãi",0.0,11.4,0.0
1920264N15117,UNNAMED,1920-09-23 05:34:07.513043602,14.8,109.0147,0.0,tỉnh Quảng Ngãi,tỉnh Quảng Ngãi,0.0,9.5,0.0
1920308N12128,UNNAMED,1920-11-07 12:03:16.643848579,13.0371,109.3577,0.0,tỉnh Đắk Lắk,"tỉnh Đắk Lắk, tỉnh Gia Lai, tỉnh Quảng Ngãi",45.27,11.0,0.0
1922308N08130,UNNAMED,1922-11-08 03:54:46.508811624,9.7971,106.5232,0.0,tỉnh Vĩnh Long,tỉnh Vĩnh Long,0.0,1.1,0.0
1923149N16112,UNNAMED,1923-05-31 17:47:53.832732572,15.8,108.4202,0.0,thành phố Đà Nẵng,"thành phố Đà Nẵng, thành phố Huế",0.0,11.2,0.0
1923224N13143,UNNAMED,1923-08-20 00:50:26.579141437,21.8108,107.0583,0.0,tỉnh Lạng Sơn,"tỉnh Lạng Sơn, tỉnh Thái Nguyên, tỉnh Tuyên Quang",80.29,4.2,0.0
1924297N13113,UNNAMED,1924-10-24 04:15:19.340586540,13.6,109.2489,0.0,tỉnh Đắk Lắk,"tỉnh Đắk Lắk, tỉnh Gia Lai",0.0,0.7,0.0
1926272N17128,UNNAMED,1926-10-01 21:57:34.306278922,17.3014,106.8094,0.0,tỉnh Quảng Trị,tỉnh Quảng Trị,0.0,2.8,0.0
1928192N12135,UNNAMED,1928-07-16 22:26:48.813390070,20.9002,106.8808,0.0,thành phố Hải Phòng,"thành phố Hải Phòng, tỉnh Quảng Ninh, Thủ đô Hà Nội, tỉnh Phú Thọ, tỉnh Hưng Yên",0.0,6.6,0.0
1928202N16116,UNNAMED,1928-07-21 21:47:03.316872843,17.2001,106.9432,0.0,tỉnh Quảng Trị,tỉnh Quảng Trị,4.97,2.7,0.0
1929207N18115,UNNAMED,1929-07-30 03:50:04.700094198,21.5368,108.0448,0.0,tỉnh Quảng Ninh,"tỉnh Quảng Ninh, tỉnh Lạng Sơn, tỉnh Bắc Ninh, Thủ đô Hà Nội",0.0,18.4,0.0
1929281N14120,UNNAMED,1929-10-10 12:35:19.754807384,14.3001,109.1685,0.0,tỉnh Gia Lai,"tỉnh Gia Lai, tỉnh Quảng Ngãi",72.36,9.4,0.0
1930108N09132,UNNAMED,1930-04-22 21:29:01.236059631,16.4657,107.7861,0.0,thành phố Huế,"thành phố Huế, tỉnh Quảng Trị",0.0,7.5,0.0
1930185N15132,UNNAMED,1930-07-14 18:51:26.519934355,20.7857,106.8071,0.0,thành phố Hải Phòng,"thành phố Hải Phòng, tỉnh Quảng Ninh, tỉnh Bắc Ninh, tỉnh Lạng Sơn",82.89,10.1,0.0
1930256N16118,UNNAMED,1930-09-17 19:17:39.988220308,18.0099,106.4608,0.0,tỉnh Hà Tĩnh,tỉnh Hà Tĩnh,65.02,6.7,0.0
1931282N11114,UNNAMED,1931-10-11 13:06:17.598312302,13.807,109.286,0.0,tỉnh Gia Lai,"tỉnh Gia Lai, tỉnh Quảng Ngãi",0.0,13.1,0.0
1932121N08122,UNNAMED,1932-05-05 00:47:48.760127491,11.1865,108.6271,0.0,tỉnh Lâm Đồng,"tỉnh Lâm Đồng, tỉnh Đồng Nai",0.0,16.0,0.0
1932138N17116,UNNAMED,1932-05-21 02:14:46.884678540,21.3831,107.6755,0.0,tỉnh Quảng Ninh,tỉnh Quảng Ninh,16.06,2.8,0.0
1932201N17128,UNNAMED,1932-07-24 03:19:45.914079309,20.3001,106.6118,0.0,tỉnh Hưng Yên,"tỉnh Ninh BÌnh, tỉnh Hưng Yên",64.05,1.7,0.0
1932264N17126,UNNAMED,1932-09-25 01:25:43.077463424,21.2286,107.4429,0.0,tỉnh Quảng Ninh,"tỉnh Quảng Ninh, tỉnh Lạng Sơn",62.92,3.6,0.0
1932287N11128,UNNAMED,1932-10-17 15:43:34.491399178,13.3624,109.2942,0.0,tỉnh Đắk Lắk,"tỉnh Đắk Lắk, tỉnh Gia Lai",22.6,10.2,0.0
1933219N18114,UNNAMED,1933-08-10 22:55:51.782572660,21.392,107.7167,0.0,tỉnh Quảng Ninh,"tỉnh Quảng Ninh, tỉnh Lạng Sơn",0.0,5.3,0.0
1933253N19122,UNNAMED,1933-09-15 20:56:10.461900955,18.2355,106.2063,0.0,tỉnh Hà Tĩnh,tỉnh Hà Tĩnh,35.92,7.5,0.0
1933258N10117,UNNAMED,1933-09-17 02:39:34.520487130,10.7106,107.8587,0.0,tỉnh Đồng Nai,"tỉnh Đồng Nai, tỉnh Lâm Đồng",1.24,2.3,0.0
1933272N14134,UNNAMED,1933-10-04 00:51:29.219975586,20.1953,106.5189,0.0,tỉnh Ninh BÌnh,tỉnh Ninh BÌnh,16.92,4.1,0.0
1933286N11118,UNNAMED,1933-10-16 01:47:57.308801362,11.6267,109.1669,0.0,tỉnh Khánh Hòa,"tỉnh Khánh Hòa, tỉnh Lâm Đồng",12.04,3.2,0.0
1933296N13129,UNNAMED,1933-10-28 14:19:22.137869625,15.7001,108.4796,0.0,thành phố Đà Nẵng,thành phố Đà Nẵng,12.52,7.2,0.0
1935255N11132,UNNAMED,1935-09-21 11:21:53.526518139,16.6091,107.5634,0.0,thành phố Huế,thành phố Huế,0.0,5.6,0.0
1935273N15115,UNNAMED,1935-10-02 16:18:15.761632615,14.6304,109.0696,0.0,tỉnh Quảng Ngãi,"tỉnh Quảng Ngãi, thành phố Đà Nẵng",11.21,10.5,0.0
1935274N10136,UNNAMED,1935-10-10 00:56:40.372135836,21.2963,107.6093,0.0,tỉnh Quảng Ninh,"tỉnh Quảng Ninh, tỉnh Lạng Sơn",7.36,3.9,0.0
1935283N11126,UNNAMED,1935-10-13 22:41:28.864270730,16.8217,107.2869,0.0,tỉnh Quảng Trị,tỉnh Quảng Trị,3.91,2.3,0.0
1935342N18131,UNNAMED,1935-12-12 23:41:17.976932862,14.7441,109.0498,0.0,tỉnh Quảng Ngãi,tỉnh Quảng Ngãi,60.04,5.3,0.0
1936201N15115,UNNAMED,1936-07-22 02:43:45.436562482,17.7003,106.4965,0.0,tỉnh Quảng Trị,tỉnh Quảng Trị,0.0,2.3,0.0
1936247N17128,UNNAMED,1936-09-07 17:49:02.001407412,20.3409,106.6183,0.0,tỉnh Hưng Yên,"tỉnh Hưng Yên, tỉnh Ninh BÌnh, Thủ đô Hà Nội, tỉnh Phú Thọ",47.63,11.2,0.0
1938236N18117,UNNAMED,1938-08-27 16:04:15.412553292,21.5071,107.8,0.0,tỉnh Quảng Ninh,tỉnh Quảng Ninh,0.0,1.4,0.0
1938268N13118,UNNAMED,1938-09-27 22:51:47.916787176,14.8576,108.985,0.0,tỉnh Quảng Ngãi,"tỉnh Quảng Ngãi, thành phố Đà Nẵng",31.28,16.7,0.0
1939232N13143,UNNAMED,1939-08-25 03:48:02.802753334,20.2071,106.5688,0.0,tỉnh Ninh BÌnh,tỉnh Ninh BÌnh,0.0,0.7,0.0
1940286N16115,UNNAMED,1940-10-14 15:40:24.960049226,16.9783,107.1327,0.0,tỉnh Quảng Trị,"tỉnh Quảng Trị, tỉnh Hà Tĩnh, tỉnh Nghệ An",0.0,15.3,0.0
1943277N12116,UNNAMED,1943-10-07 00:50:49.180282940,12.7,109.4153,0.0,tỉnh Khánh Hòa,"tỉnh Khánh Hòa, tỉnh Đắk Lắk",0.0,4.2,0.0
1945319N10119,YVONNE,1945-11-17 06:51:53.761965609,13.4,109.227,65.1,tỉnh Đắk Lắk,tỉnh Đắk Lắk,0.0,0.1,67.6
1946250N12150,OPAL,1946-09-13 11:09:01.015481188,20.4389,106.6183,92.5,tỉnh Ninh BÌnh,"tỉnh Ninh BÌnh, tỉnh Hưng Yên, tỉnh Thanh Hóa, tỉnh Phú Thọ, tỉnh Sơn La, tỉnh Lai Châu",0.0,15.9,72.4
1947223N16119,UNNAMED,1947-08-14 02:26:23.358299132,18.2003,106.2641,0.0,tỉnh Hà Tĩnh,tỉnh Hà Tĩnh,0.0,3.4,0.0
1947224N18115,HELENA,1947-08-14 09:24:42.958254153,20.5001,106.598,64.8,tỉnh Hưng Yên,"tỉnh Hưng Yên, tỉnh Ninh BÌnh, tỉnh Thanh Hóa, tỉnh Phú Thọ",0.29,9.6,62.2
1947302N11134,CATHY,1947-11-04 03:52:17.311240434,16.5129,107.7257,102.7,thành phố Huế,thành phố Huế,81.77,2.9,93.4
1948233N18118,FLO,1948-08-22 15:07:46.902449639,20.5902,106.6392,74.1,tỉnh Hưng Yên,"tỉnh Hưng Yên, tỉnh Ninh BÌnh",0.0,3.6,74.1
1948240N14139,GERTRUDE,1948-09-04 03:18:29.669142582,21.6187,107.8888,48.4,tỉnh Quảng Ninh,"tỉnh Quảng Ninh, tỉnh Lạng Sơn",12.51,3.3,43.6
1948268N15126,KIT,1948-09-28 06:18:27.025331014,17.0463,107.1153,55.6,tỉnh Quảng Trị,tỉnh Quảng Trị,24.12,3.4,55.6
1948273N11105,UNNAMED,1948-09-28 19:00:00.000000000,10.8,105.4,0.0,tỉnh An Giang,"tỉnh An Giang, tỉnh Đồng Tháp",0.53,3.4,0.0
1948275N11114,UNNAMED,1948-10-03 05:31:33.711511436,12.1002,109.1949,0.0,tỉnh Khánh Hòa,"tỉnh Khánh Hòa, tỉnh Lâm Đồng, tỉnh Đắk Lắk",4.44,7.2,0.0
1948306N06111,UNNAMED,1948-11-02 10:41:22.948395997,10.6461,107.7622,0.0,thành phố Hồ Chí Minh,"thành phố Hồ Chí Minh, tỉnh Đồng Nai, tỉnh Lâm Đồng, tỉnh Tây Ninh, tỉnh An Giang, tỉnh Đồng Tháp",30.22,9.8,0.0
1949125N08125,UNNAMED,1949-05-08 12:53:22.338757557,14.0926,109.2111,0.0,tỉnh Gia Lai,"tỉnh Gia Lai, tỉnh Quảng Ngãi, thành phố Đà Nẵng",0.0,14.5,0.0
1949261N11116,UNNAMED,1949-09-22 01:29:35.794660617,17.8,106.4507,0.0,tỉnh Quảng Trị,tỉnh Quảng Trị,136.53,5.5,0.0
1949308N07137,UNNAMED,1949-11-09 16:34:33.892645706,14.8577,108.9849,0.0,tỉnh Quảng Ngãi,tỉnh Quảng Ngãi,48.63,2.4,0.0
1949335N06138,BETTY,1949-12-10 05:09:12.803953690,11.0385,108.4231,0.0,tỉnh Lâm Đồng,tỉnh Lâm Đồng,30.52,7.8,0.0
1950249N15115,UNNAMED,1950-09-08 12:58:53.224555076,16.8994,107.2037,0.0,tỉnh Quảng Trị,tỉnh Quảng Trị,0.0,3.6,0.0
1950269N05153,OSSIA,1950-10-07 04:41:05.893052679,20.2001,106.5345,0.0,tỉnh Ninh BÌnh,tỉnh Ninh BÌnh,28.65,2.3,0.0
1950323N09107,UNNAMED,1950-11-19 18:44:12.841289534,8.7,105.1438,0.0,tỉnh Cà Mau,tỉnh Cà Mau,43.59,2.2,0.0
1951169N18117,UNNAMED,1951-06-22 01:11:38.377564789,20.9,106.8806,0.0,tỉnh Quảng Ninh,"thành phố Hải Phòng, tỉnh Quảng Ninh, tỉnh Bắc Ninh, Thủ đô Hà Nội, tỉnh Phú Thọ",0.0,11.8,0.0
1951206N11145,LOUISE,1951-08-03 15:07:55.279981311,22.8617,106.7158,0.0,tỉnh Cao Bằng,"tỉnh Cao Bằng, tỉnh Tuyên Quang",42.58,2.0,0.0
1951239N11144,NORA,1951-09-03 18:58:19.458444910,19.4991,105.8065,83.5,tỉnh Thanh Hóa,"tỉnh Thanh Hóa, tỉnh Sơn La",31.16,12.0,74.6
1951246N14120,UNNAMED,1951-09-07 04:13:09.886858305,17.6147,106.5489,0.0,tỉnh Quảng Trị,tỉnh Quảng Trị,3.39,3.9,0.0
1951277N11113,UNNAMED,1951-10-05 06:55:27.290379936,11.1899,108.7304,0.0,tỉnh Lâm Đồng,"tỉnh Lâm Đồng, tỉnh Đồng Nai, thành phố Hồ Chí Minh, tỉnh Tây Ninh",28.11,11.6,0.0
1951321N09143,WANDA,1951-11-25 15:14:44.843359113,12.9504,109.4257,166.7,tỉnh Đắk Lắk,"tỉnh Đắk Lắk, tỉnh Lâm Đồng",51.35,11.2,143.4
1952180N05144,EMMA,1952-07-06 17:09:49.468020282,21.4367,107.9723,73.9,tỉnh Quảng Ninh,tỉnh Quảng Ninh,0.0,1.8,72.2
1952221N23125,UNNAMED,1952-08-12 15:40:24.011434758,20.5002,106.598,0.0,tỉnh Hưng Yên,"tỉnh Hưng Yên, tỉnh Ninh BÌnh, tỉnh Phú Thọ",36.94,3.3,0.0
1952236N10135,LOIS,1952-08-29 04:35:40.237957237,20.2596,106.6011,120.4,tỉnh Ninh BÌnh,"tỉnh Ninh BÌnh, tỉnh Hưng Yên, Thủ đô Hà Nội, tỉnh Phú Thọ, tỉnh Sơn La, tỉnh Điện Biên",16.54,17.3,91.6
1952245N09139,NONA,1952-09-07 09:44:48.421856392,20.2,106.5344,108.5,tỉnh Ninh BÌnh,"tỉnh Ninh BÌnh, tỉnh Thanh Hóa, tỉnh Sơn La, tỉnh Điện Biên",9.21,21.9,76.1
1952251N11139,UNNAMED,1952-09-15 17:14:06.761820004,20.2678,106.6033,0.0,tỉnh Ninh BÌnh,"tỉnh Ninh BÌnh, tỉnh Hưng Yên",8.31,1.8,0.0
1952260N17119,UNNAMED,1952-09-18 23:11:08.770575645,20.219,106.5842,55.6,tỉnh Ninh BÌnh,"tỉnh Ninh BÌnh, tỉnh Hưng Yên, tỉnh Phú Thọ",3.25,7.8,52.4
1952288N10118,SHIRLEY,1952-10-15 20:24:20.145379914,13.6538,109.2325,53.8,tỉnh Gia Lai,"tỉnh Đắk Lắk, tỉnh Gia Lai",26.88,4.8,49.6
1952289N15128,VAE,1952-10-20 15:54:48.326027043,11.5029,109.0115,92.9,tỉnh Khánh Hòa,"tỉnh Khánh Hòa, tỉnh Lâm Đồng, tỉnh Đồng Nai",4.81,10.7,68.8
1952287N09148,TRIX,1952-10-25 10:04:59.828933316,14.6028,109.0723,88.5,tỉnh Gia Lai,"tỉnh Gia Lai, tỉnh Quảng Ngãi",4.76,5.4,77.2
1952296N06152,WILMA,1952-10-30 18:56:40.985031724,16.1373,108.3257,74.6,thành phố Đà Nẵng,"thành phố Đà Nẵng, thành phố Huế",5.37,3.3,74.3
1952352N07147,GLORIA,1952-12-25 01:18:12.119191682,12.9405,109.4293,91.7,tỉnh Đắk Lắk,"tỉnh Đắk Lắk, tỉnh Gia Lai",55.26,7.3,80.1
1953165N10109,UNNAMED,1953-06-17 22:43:37.504678346,18.5486,105.8547,0.0,tỉnh Hà Tĩnh,"tỉnh Hà Tĩnh, tỉnh Nghệ An",0.0,10.6,0.0
1953172N08142,UNNAMED,1953-07-01 21:36:44.779791726,21.453,107.9886,0.0,tỉnh Quảng Ninh,"tỉnh Quảng Ninh, tỉnh Lạng Sơn, tỉnh Cao Bằng",13.95,25.4,0.0
1953222N17127,OPHELIA,1953-08-15 11:37:00.668269797,19.4001,105.7844,122.9,tỉnh Thanh Hóa,"tỉnh Thanh Hóa, tỉnh Nghệ An",44.58,7.2,110.2
1953235N10162,RITA,1953-09-03 15:19:29.890847517,23.1907,105.547,0.0,tỉnh Tuyên Quang,"tỉnh Tuyên Quang, tỉnh Lào Cai, tỉnh Lai Châu",19.15,3.3,0.0
1953267N16110,UNNAMED,1953-09-30 13:41:56.367149722,16.7302,107.4067,0.0,thành phố Huế,"thành phố Huế, tỉnh Quảng Trị",26.93,3.1,0.0
1954125N07131,ELSIE,1954-05-12 13:34:20.153906428,21.2937,107.5066,99.4,tỉnh Lạng Sơn,"tỉnh Quảng Ninh, tỉnh Lạng Sơn, tỉnh Cao Bằng",0.0,8.4,76.9
1954231N10159,IDA,1954-08-30 12:21:12.754646204,21.5786,107.9294,112.3,tỉnh Quảng Ninh,"tỉnh Quảng Ninh, tỉnh Lạng Sơn, tỉnh Thái Nguyên, tỉnh Lào Cai, tỉnh Tuyên Quang, tỉnh Lai Châu",109.95,14.7,89.6
1954244N17113,UNNAMED,1954-09-04 12:03:31.025078956,22.6746,106.7572,0.0,tỉnh Cao Bằng,"tỉnh Cao Bằng, tỉnh Tuyên Quang",4.99,2.9,0.0
1954253N22117,UNNAMED,1954-09-15 00:47:19.403336076,16.3283,107.9633,0.0,thành phố Huế,thành phố Huế,10.53,0.2,0.0
1954273N16146,NANCY,1954-10-12 05:42:20.588165593,18.357,106.0158,120.4,tỉnh Hà Tĩnh,"tỉnh Hà Tĩnh, tỉnh Nghệ An, tỉnh Sơn La, tỉnh Điện Biên, tỉnh Lai Châu",27.2,9.4,97.5
1954326N12157,TILDA,1954-12-02 02:11:02.926876052,11.1789,108.7211,0.0,tỉnh Lâm Đồng,tỉnh Lâm Đồng,50.85,4.8,0.0
1955174N11114,UNNAMED,1955-06-27 05:01:53.812584202,20.872,106.8627,0.0,tỉnh Quảng Ninh,"tỉnh Quảng Ninh, tỉnh Bắc Ninh, tỉnh Lạng Sơn, tỉnh Thái Nguyên, tỉnh Lào Cai, tỉnh Tuyên Quang, tỉnh Sơn La, tỉnh Điện Biên, tỉnh Lai Châu",0.0,20.7,0.0
1955259N10153,KATE,1955-09-26 19:19:21.371397052,19.0753,105.6464,63.8,tỉnh Nghệ An,"tỉnh Nghệ An, tỉnh Thanh Hóa, tỉnh Sơn La",91.6,4.1,57.0
1956187N12126,VERA,1956-07-08 18:38:43.848389814,19.4884,105.8064,47.4,tỉnh Thanh Hóa,"tỉnh Thanh Hóa, tỉnh Nghệ An",0.0,3.3,26.2
1956218N13115,UNNAMED,1956-08-06 18:49:46.023064885,21.4481,107.9521,0.0,tỉnh Quảng Ninh,tỉnh Quảng Ninh,29.01,1.0,0.0
1956238N14143,CHARLOTTE,1956-09-01 04:12:14.359103010,17.9136,106.4796,175.3,tỉnh Quảng Trị,"tỉnh Hà Tĩnh, tỉnh Quảng Trị",25.39,6.5,165.0
1956288N11132,JEAN,1956-10-26 02:04:01.565169293,17.2645,106.8577,64.8,tỉnh Quảng Trị,tỉnh Quảng Trị,54.91,5.2,64.7
1956317N10108,UNNAMED,1956-11-12 14:45:44.599459125,9.7413,106.565,0.0,tỉnh Vĩnh Long,"tỉnh Vĩnh Long, thành phố Cần Thơ, tỉnh An Giang",17.53,10.5,0.0
1957183N16117,UNNAMED,1957-07-05 20:41:17.757036186,19.8126,105.9313,0.0,tỉnh Thanh Hóa,tỉnh Thanh Hóa,0.0,4.3,0.0
1957281N15118,IRMA,1957-10-12 12:29:45.530230120,15.4817,108.6921,121.3,thành phố Đà Nẵng,thành phố Đà Nẵng,98.66,8.0,99.0
1958147N15114,UNNAMED,1958-06-05 14:23:00.747311323,18.8462,105.7156,0.0,tỉnh Nghệ An,"tỉnh Nghệ An, tỉnh Thanh Hóa",0.0,20.9,0.0
1958182N08113,UNNAMED,1958-07-03 04:36:37.854417952,15.2206,108.9373,0.0,tỉnh Quảng Ngãi,"tỉnh Quảng Ngãi, thành phố Đà Nẵng",27.59,16.0,0.0
1958216N15118,UNNAMED,1958-08-11 02:19:43.205745536,20.8772,106.8673,0.0,tỉnh Quảng Ninh,"tỉnh Quảng Ninh, tỉnh Bắc Ninh, tỉnh Lạng Sơn, tỉnh Thái Nguyên",38.9,10.7,0.0
1958235N15114,UNNAMED,1958-08-28 17:41:54.626235741,18.2303,106.2167,0.0,tỉnh Hà Tĩnh,"tỉnh Hà Tĩnh, tỉnh Quảng Trị",17.64,3.1,0.0
1958248N19117,UNNAMED,1958-09-07 21:00:40.618556841,17.5332,106.5977,0.0,tỉnh Quảng Trị,tỉnh Quảng Trị,10.14,2.3,0.0
1959178N11109,VIOLET,1959-06-29 09:01:48.556079799,13.2,109.297,0.0,tỉnh Đắk Lắk,tỉnh Đắk Lắk,0.0,4.0,0.0
1959209N16115,UNNAMED,1959-07-30 09:48:03.445858854,20.6868,106.7399,0.0,thành phố Hải Phòng,"thành phố Hải Phòng, Thủ đô Hà Nội, tỉnh Hưng Yên, tỉnh Phú Thọ, tỉnh Sơn La",31.03,15.2,0.0
1959226N16140,HOPE,1959-08-20 06:11:56.126887458,20.4458,106.6183,0.0,tỉnh Hưng Yên,tỉnh Hưng Yên,20.85,0.8,0.0
1959230N13111,UNNAMED,1959-08-20 17:24:22.703971881,17.0002,107.1188,0.0,tỉnh Quảng Trị,tỉnh Quảng Trị,0.47,1.6,0.0
1959266N13108,UNNAMED,1959-09-22 19:00:00.000000000,12.7,108.3,0.0,tỉnh Đắk Lắk,tỉnh Đắk Lắk,33.07,10.1,0.0
1959346N06147,GILDA,1959-12-21 18:08:29.087315635,11.9346,109.2726,113.8,tỉnh Khánh Hòa,"tỉnh Khánh Hòa, tỉnh Lâm Đồng, tỉnh Đồng Nai, tỉnh Tây Ninh",89.96,15.5,90.0
1960173N08137,OLIVE,1960-06-30 14:30:20.409483340,21.3507,107.6478,106.5,tỉnh Quảng Ninh,"tỉnh Quảng Ninh, tỉnh Bắc Ninh, Thủ đô Hà Nội, tỉnh Phú Thọ, tỉnh Sơn La, tỉnh Điện Biên",0.0,18.3,53.5
1960215N11138,TRIX,1960-08-13 15:17:03.510877830,20.3479,106.6192,0.0,tỉnh Ninh BÌnh,"tỉnh Ninh BÌnh, tỉnh Hưng Yên, tỉnh Thanh Hóa, tỉnh Nghệ An",44.03,11.3,0.0
1960243N11137,GLORIA,1960-09-05 10:34:11.976084969,19.2761,105.8052,0.0,tỉnh Thanh Hóa,"tỉnh Nghệ An, tỉnh Thanh Hóa",22.8,2.4,0.0
1960267N18116,UNNAMED,1960-09-27 09:53:18.982194410,21.2889,107.4223,0.0,tỉnh Quảng Ninh,"tỉnh Quảng Ninh, tỉnh Bắc Ninh, tỉnh Lạng Sơn, tỉnh Thái Nguyên, Thủ đô Hà Nội, tỉnh Phú Thọ",21.97,9.1,0.0
1960273N13117,UNNAMED,1960-10-01 12:54:49.267746504,12.6001,109.4297,0.0,tỉnh Khánh Hòa,"tỉnh Khánh Hòa, tỉnh Đắk Lắk, tỉnh Lâm Đồng",4.13,7.8,0.0
1960273N10142,KIT,1960-10-13 11:35:11.594633539,18.3417,106.0295,67.4,tỉnh Hà Tĩnh,tỉnh Hà Tĩnh,11.94,2.0,66.2
1960282N21132,LOLA,1960-10-17 09:51:25.003994346,18.5858,105.8334,55.6,tỉnh Hà Tĩnh,"tỉnh Hà Tĩnh, tỉnh Nghệ An",3.93,3.1,55.6
1960313N10119,UNNAMED,1960-11-10 22:04:27.930304520,13.0,109.3826,0.0,tỉnh Đắk Lắk,tỉnh Đắk Lắk,24.51,2.9,0.0
1961127N06107,UNNAMED,1961-05-07 18:07:50.098711342,8.7131,105.158,0.0,tỉnh Cà Mau,tỉnh Cà Mau,0.0,4.8,0.0
1961155N16110,UNNAMED,1961-06-08 01:41:22.075950498,19.746,105.9082,0.0,tỉnh Thanh Hóa,tỉnh Thanh Hóa,31.31,6.8,0.0
1961171N11115,CORA,1961-06-25 22:10:56.398002319,18.4061,105.9757,0.0,tỉnh Hà Tĩnh,"tỉnh Hà Tĩnh, tỉnh Nghệ An",17.85,8.8,0.0
1961230N17119,UNNAMED,1961-08-21 11:34:20.691584230,18.4055,105.9762,0.0,tỉnh Hà Tĩnh,tỉnh Hà Tĩnh,56.56,2.5,0.0
1961264N12130,RUBY,1961-09-24 13:26:43.944712652,16.7149,107.4258,0.0,thành phố Huế,"thành phố Huế, tỉnh Quảng Trị",34.08,13.0,0.0
1961279N17119,WILDA,1961-10-13 08:19:15.021027184,14.4441,109.124,0.0,tỉnh Gia Lai,"tỉnh Gia Lai, tỉnh Quảng Ngãi",18.79,10.7,0.0
1961291N12120,ANITA,1961-10-19 22:11:19.990158381,15.5,108.6758,0.0,thành phố Đà Nẵng,thành phố Đà Nẵng,6.58,4.8,0.0
1962190N17116,UNNAMED,1962-07-11 21:40:01.815092716,17.3002,106.811,0.0,tỉnh Quảng Trị,tỉnh Quảng Trị,0.0,2.1,0.0
1962217N10142,PATSY,1962-08-11 10:37:07.655066220,21.5209,108.0353,74.1,tỉnh Quảng Ninh,"tỉnh Quảng Ninh, tỉnh Lạng Sơn, tỉnh Thái Nguyên, tỉnh Tuyên Quang",30.54,16.4,55.7
1962254N11123,BABE:BABS,1962-09-16 14:01:08.277016450,16.5341,107.6963,72.8,thành phố Huế,"thành phố Huế, tỉnh Quảng Trị",36.14,6.2,68.2
1962261N15121,CARLA:CLARA,1962-09-22 16:32:17.094167394,20.0359,106.2283,86.2,tỉnh Ninh BÌnh,"tỉnh Ninh BÌnh, tỉnh Thanh Hóa, tỉnh Phú Thọ, tỉnh Sơn La, tỉnh Điện Biên",6.1,15.9,51.7
1962266N12133,UNNAMED,1962-09-27 17:50:58.413083715,17.962,106.5069,0.0,tỉnh Quảng Trị,"tỉnh Hà Tĩnh, tỉnh Quảng Trị",5.05,2.9,0.0
1962327N05144,LUCY,1962-11-30 18:44:53.219283057,9.9001,106.6756,94.2,tỉnh Vĩnh Long,"tỉnh Vĩnh Long, thành phố Cần Thơ, tỉnh An Giang",64.04,6.3,75.0
1963196N10146,AGNES,1963-07-23 14:51:09.948679567,21.5001,108.0243,0.0,tỉnh Quảng Ninh,"tỉnh Quảng Ninh, tỉnh Bắc Ninh, tỉnh Lạng Sơn, Thủ đô Hà Nội, tỉnh Phú Thọ, tỉnh Sơn La",0.0,36.0,0.0
1963219N09146,CARMEN,1963-08-17 06:44:35.194808140,21.2867,107.5669,84.1,tỉnh Quảng Ninh,"tỉnh Quảng Ninh, tỉnh Bắc Ninh, thành phố Hải Phòng, Thủ đô Hà Nội, tỉnh Phú Thọ, tỉnh Lào Cai, tỉnh Lai Châu, tỉnh Sơn La, tỉnh Điện Biên",24.66,27.2,48.3
1963232N14118,UNNAMED,1963-08-23 21:55:51.871474545,20.7954,106.8161,0.0,thành phố Hải Phòng,"thành phố Hải Phòng, tỉnh Bắc Ninh, Thủ đô Hà Nội, tỉnh Phú Thọ",6.63,9.1,0.0
1963237N16119,UNNAMED,1963-08-31 04:36:47.334610807,20.3409,106.6183,0.0,tỉnh Hưng Yên,"tỉnh Hưng Yên, tỉnh Ninh BÌnh, tỉnh Phú Thọ, tỉnh Thanh Hóa",7.28,8.4,0.0
1963244N13111,UNNAMED,1963-09-03 13:12:34.897049575,14.586,109.079,0.0,tỉnh Quảng Ngãi,"tỉnh Gia Lai, tỉnh Quảng Ngãi",3.36,14.5,0.0
1963240N09157,FAYE,1963-09-09 06:28:40.096229242,19.9001,106.1165,65.8,tỉnh Ninh BÌnh,"tỉnh Thanh Hóa, tỉnh Ninh BÌnh, tỉnh Nghệ An",5.72,17.0,28.3
1963264N17120,UNNAMED,1963-09-22 22:04:32.489660737,13.8874,109.2823,0.0,tỉnh Đắk Lắk,"tỉnh Đắk Lắk, tỉnh Gia Lai, tỉnh Lâm Đồng",13.65,6.7,0.0
1963274N15115,UNNAMED,1963-10-05 12:37:02.551019012,16.6001,107.5765,0.0,thành phố Huế,"thành phố Huế, tỉnh Quảng Trị",12.61,4.0,0.0
1964177N09142,WINNIE,1964-07-03 05:42:28.588070354,20.971,107.2156,96.6,tỉnh Quảng Ninh,"tỉnh Quảng Ninh, tỉnh Bắc Ninh, tỉnh Thái Nguyên, tỉnh Tuyên Quang, tỉnh Lào Cai",0.0,20.1,49.8
1964240N15111,UNNAMED,1964-08-28 03:25:35.540773024,17.081,107.1148,0.0,tỉnh Quảng Trị,tỉnh Quảng Trị,55.9,2.9,0.0
1964257N13118,VIOLET,1964-09-15 05:00:34.863977646,15.4675,108.6982,132.8,thành phố Đà Nẵng,thành phố Đà Nẵng,18.07,6.5,126.8
1964256N17141,TILDA,1964-09-22 14:41:14.239420605,17.0002,107.1188,137.7,tỉnh Quảng Trị,tỉnh Quảng Trị,7.4,4.6,124.5
1964267N17120,ANITA,1964-09-27 08:51:17.104211517,16.2621,108.0674,68.4,thành phố Huế,"thành phố Huế, tỉnh Quảng Trị",4.76,13.2,41.6
1964269N12142,BILLIE,1964-10-01 14:15:50.849306766,17.816,106.447,70.2,tỉnh Quảng Trị,tỉnh Quảng Trị,4.23,2.9,65.7
1964276N07142,CLARA,1964-10-08 07:09:10.989783748,18.2001,106.2643,82.2,tỉnh Hà Tĩnh,tỉnh Hà Tĩnh,6.7,3.6,67.6
1964286N10112,UNNAMED,1964-10-14 03:53:05.002465455,9.4923,106.2115,0.0,thành phố Cần Thơ,"thành phố Cần Thơ, tỉnh An Giang",5.86,7.1,0.0
1964291N11143,GEORGIA,1964-10-23 23:15:44.392420432,17.9582,106.5054,70.2,tỉnh Hà Tĩnh,"tỉnh Hà Tĩnh, tỉnh Quảng Trị",9.81,3.2,52.6
1964305N12128,IRIS,1964-11-04 11:53:00.599579854,13.6001,109.2489,120.4,tỉnh Đắk Lắk,"tỉnh Đắk Lắk, tỉnh Gia Lai",11.53,14.4,54.5
1964309N11132,JOAN,1964-11-08 21:38:41.519990338,12.8001,109.3592,118.2,tỉnh Khánh Hòa,"tỉnh Khánh Hòa, tỉnh Đắk Lắk, tỉnh Lâm Đồng, tỉnh Đồng Nai, thành phố Hồ Chí Minh, tỉnh Vĩnh Long, thành phố Cần Thơ, tỉnh Cà Mau",4.41,23.7,61.3
1964316N13117,KATE,1964-11-16 16:43:47.887245973,11.8409,109.1777,92.3,tỉnh Khánh Hòa,"tỉnh Khánh Hòa, tỉnh Lâm Đồng, tỉnh Đắk Lắk",7.8,8.4,74.2
1965161N16111,UNNAMED,1965-06-12 14:10:44.271952842,20.6179,106.6822,0.0,thành phố Hải Phòng,"thành phố Hải Phòng, tỉnh Bắc Ninh",0.0,4.8,0.0
1965187N08144,FREDA,1965-07-16 04:06:05.934367652,22.2034,106.6797,60.6,tỉnh Lạng Sơn,"tỉnh Lạng Sơn, tỉnh Thái Nguyên, tỉnh Tuyên Quang, tỉnh Lào Cai",33.58,8.7,25.9
1965194N06156,GILDA,1965-07-24 16:12:06.358751888,22.0,106.7863,0.0,tỉnh Lạng Sơn,"tỉnh Lạng Sơn, tỉnh Thái Nguyên, tỉnh Lào Cai, tỉnh Tuyên Quang, tỉnh Lai Châu, tỉnh Sơn La, tỉnh Điện Biên",8.5,13.3,0.0
1965226N17116,NADINE,1965-08-18 21:43:30.488720768,18.4093,105.9733,71.6,tỉnh Hà Tĩnh,tỉnh Hà Tĩnh,25.23,2.5,64.5
1965238N14114,UNNAMED,1965-08-26 20:34:59.145370550,14.295,109.1722,0.0,tỉnh Gia Lai,"tỉnh Gia Lai, tỉnh Quảng Ngãi",7.95,5.4,0.0
1965239N17111,UNNAMED,1965-08-27 15:42:44.191336474,16.0097,108.2671,0.0,thành phố Đà Nẵng,thành phố Đà Nẵng,0.8,3.3,0.0
1965241N19118,POLLY,1965-09-02 17:36:33.484298353,17.5078,106.6175,58.1,tỉnh Quảng Trị,tỉnh Quảng Trị,6.08,2.6,44.0
1965242N15139,ROSE,1965-09-06 07:19:56.340848478,21.6779,107.3446,0.0,tỉnh Lạng Sơn,"tỉnh Lạng Sơn, thành phố Hải Phòng, tỉnh Bắc Ninh, Thủ đô Hà Nội, tỉnh Hưng Yên, tỉnh Thanh Hóa, tỉnh Phú Thọ",3.57,12.9,0.0
1965258N12107,UNNAMED,1965-09-14 19:00:00.000000000,11.6,107.1,0.0,tỉnh Đồng Nai,tỉnh Đồng Nai,8.49,6.7,0.0
1966195N18135,MAMIE,1966-07-18 14:11:30.288999724,22.6019,106.7306,33.5,tỉnh Lạng Sơn,"tỉnh Lạng Sơn, tỉnh Thái Nguyên, tỉnh Cao Bằng, tỉnh Tuyên Quang",0.0,4.8,10.4
1966210N11113,PHYLLIS,1966-08-02 23:15:27.137663938,19.9677,106.1744,64.2,tỉnh Ninh BÌnh,"tỉnh Ninh BÌnh, tỉnh Phú Thọ, Thủ đô Hà Nội, tỉnh Lào Cai, tỉnh Lai Châu, tỉnh Điện Biên",15.38,21.7,8.9
1966294N09115,UNNAMED,1966-10-22 15:46:12.294937070,12.7877,109.3615,0.0,tỉnh Khánh Hòa,"tỉnh Khánh Hòa, tỉnh Đắk Lắk",80.69,9.7,0.0
1967222N10145,IRIS,1967-08-18 05:36:19.956669177,22.7536,106.786,0.0,tỉnh Cao Bằng,"tỉnh Cao Bằng, tỉnh Tuyên Quang",0.0,10.1,0.0
1967235N13130,UNNAMED,1967-08-26 17:09:44.804640499,17.0002,107.1188,0.0,tỉnh Quảng Trị,tỉnh Quảng Trị,8.48,1.8,0.0
1967246N21124,PATSY,1967-09-07 03:50:04.275049682,19.2001,105.7331,0.0,tỉnh Nghệ An,tỉnh Nghệ An,11.44,6.4,0.0
1967278N15119,UNNAMED,1967-10-09 00:32:13.236256672,14.5001,109.0926,0.0,tỉnh Gia Lai,tỉnh Gia Lai,31.86,6.6,0.0
1967310N11129,FREDA,1967-11-10 05:27:42.395718546,12.6238,109.4343,91.2,tỉnh Đắk Lắk,"tỉnh Khánh Hòa, tỉnh Đắk Lắk",32.21,6.7,75.0
1968216N17114,UNNAMED,1968-08-06 15:05:12.686323401,20.6002,106.6522,0.0,tỉnh Hưng Yên,"tỉnh Hưng Yên, tỉnh Ninh BÌnh, thành phố Hải Phòng, Thủ đô Hà Nội, tỉnh Phú Thọ, tỉnh Thanh Hóa",0.0,9.9,0.0
1968218N15141,ROSE,1968-08-13 19:34:14.555349660,20.1191,106.3049,45.0,tỉnh Ninh BÌnh,"tỉnh Ninh BÌnh, tỉnh Thanh Hóa",7.19,8.4,8.1
1968243N23120,BESS,1968-09-05 20:49:44.351144551,16.4391,107.8171,103.2,thành phố Huế,thành phố Huế,23.05,12.2,71.3
1968240N15151,WENDY,1968-09-09 13:28:00.597804621,20.8002,106.9078,54.7,thành phố Hải Phòng,"thành phố Hải Phòng, Thủ đô Hà Nội, tỉnh Phú Thọ, tỉnh Hưng Yên, tỉnh Sơn La, tỉnh Điện Biên",3.69,15.7,5.2
1968290N14118,HESTER,1968-10-20 00:45:57.888978631,11.1922,108.7312,66.0,tỉnh Lâm Đồng,"tỉnh Lâm Đồng, tỉnh Đồng Nai, thành phố Hồ Chí Minh, tỉnh Tây Ninh, tỉnh Đồng Tháp, tỉnh An Giang",40.47,17.3,48.9
1968314N08138,MAMIE,1968-11-23 23:43:05.645823621,11.4574,109.0137,68.8,tỉnh Khánh Hòa,"tỉnh Khánh Hòa, tỉnh Lâm Đồng, tỉnh Đồng Nai, thành phố Hồ Chí Minh, tỉnh Tây Ninh, tỉnh An Giang, tỉnh Đồng Tháp",34.96,25.3,17.9
1969187N09131,TESS,1969-07-11 18:53:46.499178922,16.9966,107.1208,55.9,tỉnh Quảng Trị,tỉnh Quảng Trị,0.0,4.3,20.7
1969203N14117,UNNAMED,1969-07-24 21:19:45.689333570,21.2329,107.4448,0.0,tỉnh Quảng Ninh,"tỉnh Quảng Ninh, tỉnh Lạng Sơn, tỉnh Thái Nguyên",13.1,15.7,0.0
1969241N10127,DORIS,1969-09-02 09:31:31.809237812,17.1001,107.0956,94.1,tỉnh Quảng Trị,tỉnh Quảng Trị,39.51,4.6,87.4
1970172N15111,UNNAMED,1970-06-24 08:54:38.951905233,19.9395,106.1483,0.0,tỉnh Thanh Hóa,"tỉnh Thanh Hóa, tỉnh Ninh BÌnh, tỉnh Nghệ An",0.0,4.1,0.0
1970215N21137,VIOLET,1970-08-10 06:59:24.948997486,23.0006,106.0857,0.0,tỉnh Cao Bằng,tỉnh Cao Bằng,46.92,0.0,0.0
1970228N17117,UNNAMED,1970-08-19 05:29:22.832614294,17.3507,106.7523,0.0,tỉnh Quảng Trị,tỉnh Quảng Trị,8.94,2.1,0.0
1970286N06143,KATE,1970-10-25 11:04:45.864215875,15.8001,108.4201,105.4,thành phố Đà Nẵng,thành phố Đà Nẵng,67.23,7.2,87.2
1970296N07134,LOUISE,1970-10-28 21:55:51.034204786,11.5023,109.0115,89.4,tỉnh Khánh Hòa,"tỉnh Khánh Hòa, tỉnh Lâm Đồng, tỉnh Đồng Nai, thành phố Hồ Chí Minh, tỉnh Tây Ninh",3.45,16.2,60.9
1970318N13157,PATSY,1970-11-22 07:48:41.017065390,17.0,107.1189,71.6,tỉnh Quảng Trị,tỉnh Quảng Trị,24.41,5.2,64.1
1971181N09138,HARRIET,1971-07-07 00:56:34.417359697,17.3962,106.7057,148.3,tỉnh Quảng Trị,"tỉnh Quảng Trị, tỉnh Hà Tĩnh",0.0,13.2,78.6
1971189N12130,KIM,1971-07-13 12:25:43.612004798,18.3811,105.9953,65.9,tỉnh Hà Tĩnh,"tỉnh Hà Tĩnh, tỉnh Nghệ An",6.48,7.2,53.1
1971190N09141,JEAN,1971-07-18 10:25:37.366066880,19.7286,105.9005,0.0,tỉnh Thanh Hóa,"tỉnh Thanh Hóa, tỉnh Sơn La, tỉnh Điện Biên",4.92,7.8,0.0
1971192N07153,LUCY,1971-07-23 16:03:25.709167695,22.4962,106.5828,0.0,tỉnh Lạng Sơn,"tỉnh Lạng Sơn, tỉnh Thái Nguyên, tỉnh Cao Bằng, tỉnh Tuyên Quang, tỉnh Lào Cai, tỉnh Lai Châu",5.23,13.4,0.0
1971267N12130,DELLA,1971-09-30 15:25:26.312736914,18.6809,105.7961,71.1,tỉnh Hà Tĩnh,"tỉnh Hà Tĩnh, tỉnh Nghệ An",68.97,3.4,68.4
1971274N06134,ELAINE,1971-10-09 17:27:34.625714266,18.1001,106.4225,76.9,tỉnh Hà Tĩnh,tỉnh Hà Tĩnh,9.08,6.1,37.3
1971291N11134,HESTER,1971-10-23 08:59:00.619828598,15.0985,108.9035,158.1,tỉnh Quảng Ngãi,"tỉnh Quảng Ngãi, thành phố Đà Nẵng",13.65,8.6,133.8
1972153N14117,MAMIE,1972-06-03 03:33:51.435421376,15.971,108.2872,89.4,thành phố Đà Nẵng,"thành phố Đà Nẵng, thành phố Huế, tỉnh Quảng Trị",0.0,15.6,69.7
1972234N17128,CORA,1972-08-29 00:10:17.724969865,21.0173,107.3659,94.1,tỉnh Quảng Ninh,"tỉnh Quảng Ninh, tỉnh Bắc Ninh, tỉnh Lạng Sơn, tỉnh Thái Nguyên, tỉnh Tuyên Quang, tỉnh Lào Cai, tỉnh Lai Châu, tỉnh Điện Biên",86.86,22.0,57.1
1972244N12123,ELSIE,1972-09-04 07:15:37.563393042,15.2913,108.8739,128.5,tỉnh Quảng Ngãi,"tỉnh Quảng Ngãi, thành phố Đà Nẵng",6.3,11.4,102.4
1972251N12137,FLOSSIE,1972-09-16 00:17:25.371585844,14.6237,109.0709,129.6,tỉnh Gia Lai,"tỉnh Gia Lai, tỉnh Quảng Ngãi",11.71,25.7,75.8
1972271N15125,LORNA,1972-10-03 02:08:40.937140060,18.2621,106.171,113.3,tỉnh Hà Tĩnh,tỉnh Hà Tĩnh,17.08,3.2,103.4
1972335N06142,THERESE,1972-12-10 06:05:16.542631042,14.0697,109.2217,177.6,tỉnh Gia Lai,"tỉnh Gia Lai, tỉnh Quảng Ngãi",68.16,12.7,101.6
1973184N11110,ANITA,1973-07-08 19:02:31.980587956,18.7028,105.7916,129.2,tỉnh Hà Tĩnh,"tỉnh Hà Tĩnh, tỉnh Nghệ An",0.0,7.3,95.7
1973229N20134,JOAN,1973-08-22 15:57:01.785059924,19.9017,106.1181,37.0,tỉnh Ninh BÌnh,"tỉnh Ninh BÌnh, tỉnh Nghệ An, tỉnh Thanh Hóa",44.87,3.4,37.0
1973232N17124,KATE,1973-08-26 01:48:45.713038320,20.7272,106.7917,106.1,thành phố Hải Phòng,"thành phố Hải Phòng, tỉnh Hưng Yên, Thủ đô Hà Nội, tỉnh Phú Thọ, tỉnh Sơn La",3.41,13.3,72.9
1973240N18112,UNNAMED,1973-09-02 09:42:20.222015144,19.5902,105.8196,52.2,tỉnh Thanh Hóa,tỉnh Thanh Hóa,7.33,11.3,39.0
1973242N12136,LOUISE,1973-09-07 20:20:00.927696660,21.289,107.4223,53.9,tỉnh Quảng Ninh,"tỉnh Quảng Ninh, tỉnh Lạng Sơn, tỉnh Thái Nguyên, tỉnh Tuyên Quang, tỉnh Lào Cai, tỉnh Sơn La, tỉnh Điện Biên",5.44,22.5,40.2
1973253N14129,MARGE,1973-09-15 03:02:37.829680018,19.7684,105.9232,89.2,tỉnh Thanh Hóa,tỉnh Thanh Hóa,7.28,4.4,76.8
1973277N11114,OPAL,1973-10-08 06:29:09.275230341,14.3,109.1686,85.9,tỉnh Gia Lai,tỉnh Gia Lai,23.14,16.3,71.3
1973278N13144,PATSY,1973-10-15 06:56:19.724785846,16.1491,108.2327,27.9,thành phố Đà Nẵng,"thành phố Đà Nẵng, tỉnh Quảng Ngãi, tỉnh Gia Lai",7.02,11.3,3.7
1973284N12144,RUTH,1973-10-19 16:50:46.290409371,21.3121,107.5441,59.6,tỉnh Quảng Ninh,"tỉnh Quảng Ninh, tỉnh Lạng Sơn, tỉnh Cao Bằng",4.41,10.2,42.5
1973313N12116,SARAH,1973-11-10 20:33:55.027073239,12.3001,109.2392,92.2,tỉnh Khánh Hòa,"tỉnh Khánh Hòa, tỉnh Lâm Đồng, tỉnh Đắk Lắk, tỉnh Đồng Nai, tỉnh Tây Ninh",22.15,17.5,63.4
1973317N08122,THELMA,1973-11-16 17:56:28.551397988,9.8001,106.6265,48.3,tỉnh Vĩnh Long,"tỉnh Vĩnh Long, thành phố Cần Thơ, tỉnh Cà Mau, tỉnh An Giang",5.89,14.3,44.0
1974156N06144,DINAH,1974-06-14 03:27:47.011087148,20.2822,106.6075,77.4,tỉnh Ninh BÌnh,"tỉnh Ninh BÌnh, tỉnh Hưng Yên, tỉnh Phú Thọ, tỉnh Thanh Hóa",0.0,12.8,49.8
1974224N21111,UNNAMED,1974-08-15 20:03:40.550006552,17.5001,106.6231,0.0,tỉnh Quảng Trị,tỉnh Quảng Trị,62.69,4.4,0.0
1974246N22117,TRIX,1974-09-07 18:23:19.256808202,22.5001,106.5815,37.0,tỉnh Cao Bằng,"tỉnh Cao Bằng, tỉnh Thái Nguyên, tỉnh Tuyên Quang",22.93,12.6,30.7
1974280N11143,BESS,1974-10-14 12:54:35.668063900,19.1,105.721,37.2,tỉnh Nghệ An,tỉnh Nghệ An,36.77,6.1,37.1
1974291N10150,DELLA,1974-10-27 07:20:11.751556095,19.6001,105.8215,63.8,tỉnh Nghệ An,"tỉnh Nghệ An, tỉnh Thanh Hóa",12.77,7.3,52.9
1974303N13130,FAYE,1974-11-04 11:10:40.039273740,14.9002,108.9645,64.6,tỉnh Quảng Ngãi,tỉnh Quảng Ngãi,8.16,7.4,54.3
1974315N09135,HESTER,1974-11-15 13:36:36.542339013,12.9596,109.4169,62.2,tỉnh Đắk Lắk,"tỉnh Đắk Lắk, tỉnh Lâm Đồng",11.1,5.4,50.6
1975166N16116,UNNAMED,1975-06-19 06:19:30.547679318,20.5551,106.5901,0.0,tỉnh Hưng Yên,"tỉnh Hưng Yên, thành phố Hải Phòng",0.0,6.7,0.0
1975235N23120,UNNAMED,1975-08-26 03:00:01.266959865,18.6669,105.7998,0.0,tỉnh Hà Tĩnh,"tỉnh Hà Tĩnh, tỉnh Nghệ An",67.86,3.4,0.0
1975239N15112,UNNAMED,1975-08-30 20:16:35.366703088,20.9277,107.1575,0.0,tỉnh Quảng Ninh,"tỉnh Quảng Ninh, tỉnh Bắc Ninh, tỉnh Lạng Sơn, tỉnh Thái Nguyên, tỉnh Tuyên Quang, tỉnh Lào Cai, tỉnh Lai Châu",4.72,25.9,0.0
1975248N15118,UNNAMED,1975-09-08 23:03:01.246235698,16.5351,107.695,0.0,thành phố Huế,"thành phố Huế, tỉnh Quảng Trị",9.12,9.8,0.0
1975258N12132,ALICE,1975-09-20 19:49:45.022933808,19.5003,105.8065,63.8,tỉnh Thanh Hóa,"tỉnh Nghệ An, tỉnh Thanh Hóa",11.87,8.2,57.8
1975305N14125,HELEN,1975-11-04 15:31:29.118878144,13.4002,109.2268,52.4,tỉnh Đắk Lắk,"tỉnh Đắk Lắk, tỉnh Gia Lai",44.82,3.5,49.7
1976202N16118,VIOLET,1976-07-27 05:34:11.028267105,22.5005,106.5814,46.3,tỉnh Cao Bằng,"tỉnh Cao Bằng, tỉnh Thái Nguyên, tỉnh Tuyên Quang, tỉnh Lào Cai, tỉnh Lai Châu, tỉnh Điện Biên",0.0,16.5,36.2
1976215N15118,CLARA,1976-08-07 20:22:33.858253970,22.8169,106.7784,27.8,tỉnh Cao Bằng,"tỉnh Cao Bằng, tỉnh Lạng Sơn, tỉnh Thái Nguyên, tỉnh Tuyên Quang, tỉnh Phú Thọ, tỉnh Sơn La, tỉnh Điện Biên",11.62,20.5,26.7
1977194N06142,SARAH,1977-07-21 14:43:19.531594977,20.7151,106.7984,91.2,thành phố Hải Phòng,"thành phố Hải Phòng, tỉnh Hưng Yên, Thủ đô Hà Nội, tỉnh Phú Thọ, tỉnh Sơn La, tỉnh Điện Biên",0.0,15.0,29.1
1977243N14129,CARLA,1977-09-04 22:32:17.250953010,17.6002,106.5565,50.9,tỉnh Quảng Trị,tỉnh Quảng Trị,45.33,2.5,49.0
1977254N19147,DINAH,1977-09-24 03:43:27.338340442,13.6184,109.2367,4.3,tỉnh Đắk Lắk,"tỉnh Đắk Lắk, tỉnh Gia Lai, tỉnh Quảng Ngãi, thành phố Đà Nẵng",19.22,18.9,0.3
1978176N20117,UNNAMED,1978-06-27 00:30:11.823961132,21.0166,107.3662,0.0,tỉnh Quảng Ninh,"tỉnh Quảng Ninh, tỉnh Hưng Yên, thành phố Hải Phòng, tỉnh Ninh BÌnh, Thủ đô Hà Nội, tỉnh Phú Thọ, tỉnh Sơn La, tỉnh Lào Cai, tỉnh Lai Châu, tỉnh Điện Biên",0.0,18.0,0.0
1978177N11130,SHIRLEY,1978-06-30 19:54:19.606231983,13.5605,109.2889,63.7,tỉnh Đắk Lắk,"tỉnh Đắk Lắk, tỉnh Gia Lai, tỉnh Quảng Ngãi",3.81,8.5,46.1
1978217N16129,BESS:BONNIE,1978-08-12 01:58:50.581207074,17.9001,106.4692,61.8,tỉnh Quảng Trị,tỉnh Quảng Trị,42.25,5.9,49.9
1978230N09136,ELAINE,1978-08-28 07:08:51.842616629,21.8853,107.0556,52.8,tỉnh Lạng Sơn,"tỉnh Lạng Sơn, Thủ đô Hà Nội, tỉnh Phú Thọ, tỉnh Bắc Ninh, tỉnh Thái Nguyên, tỉnh Sơn La, tỉnh Điện Biên",16.22,15.8,5.0
1978260N18124,UNNAMED,1978-09-20 22:27:19.960494199,17.6698,106.5088,0.0,tỉnh Quảng Trị,tỉnh Quảng Trị,23.64,2.6,0.0
1978262N14135,KIT,1978-09-26 14:45:25.366944898,17.583,106.5656,71.9,tỉnh Quảng Trị,tỉnh Quảng Trị,5.68,3.2,69.4
1978264N08147,LOLA,1978-10-02 23:37:40.475117229,21.4544,107.783,76.6,tỉnh Quảng Ninh,"tỉnh Quảng Ninh, tỉnh Lạng Sơn, tỉnh Bắc Ninh, tỉnh Thái Nguyên, tỉnh Phú Thọ, tỉnh Tuyên Quang, tỉnh Lào Cai, tỉnh Sơn La, tỉnh Lai Châu, tỉnh Điện Biên",6.37,49.6,4.4
1978288N10185,RITA,1978-10-30 10:12:15.133206477,11.9048,109.2619,0.0,tỉnh Khánh Hòa,"tỉnh Lâm Đồng, tỉnh Khánh Hòa",27.44,2.8,0.0
1978303N14131,UNNAMED,1978-11-03 09:30:57.072931534,11.5163,109.013,0.0,tỉnh Khánh Hòa,"tỉnh Khánh Hòa, tỉnh Lâm Đồng",3.97,9.5,0.0
1979205N10148,HOPE,1979-08-03 08:45:24.694447449,21.7256,107.3156,62.7,tỉnh Lạng Sơn,"tỉnh Lạng Sơn, Thủ đô Hà Nội, tỉnh Bắc Ninh, tỉnh Phú Thọ, tỉnh Sơn La",0.0,11.8,49.8
1979216N15111,UNNAMED,1979-08-10 20:18:04.494483162,20.2069,106.4239,0.0,tỉnh Ninh BÌnh,"tỉnh Ninh BÌnh, tỉnh Hưng Yên, thành phố Hải Phòng, tỉnh Quảng Ninh",7.48,2.6,0.0
1979258N10120,NANCY,1979-09-22 12:26:37.383304567,17.2185,106.9185,55.6,tỉnh Quảng Trị,tỉnh Quảng Trị,42.67,7.1,45.0
1979271N13113,SARAH,1979-10-15 03:39:30.984386230,13.1114,109.3114,53.3,tỉnh Đắk Lắk,"tỉnh Đắk Lắk, tỉnh Lâm Đồng, tỉnh Khánh Hòa, thành phố Hồ Chí Minh, tỉnh Đồng Nai",22.63,50.4,4.1
1980076N06148,UNNAMED,1980-03-28 21:55:51.953311092,11.5,109.0115,0.0,tỉnh Khánh Hòa,"tỉnh Khánh Hòa, tỉnh Lâm Đồng",0.0,10.3,0.0
1980171N06142,HERBERT,1980-06-28 18:44:52.648738713,21.8917,107.0589,38.6,tỉnh Lạng Sơn,"tỉnh Lạng Sơn, tỉnh Thái Nguyên, tỉnh Tuyên Quang, tỉnh Lào Cai, tỉnh Lai Châu",91.87,12.8,27.0
1980197N15133,UNNAMED,1980-07-19 21:17:56.365697929,21.7428,107.1894,0.0,tỉnh Lạng Sơn,"tỉnh Lạng Sơn, Thủ đô Hà Nội, tỉnh Bắc Ninh, tỉnh Phú Thọ, tỉnh Sơn La, tỉnh Thanh Hóa",21.11,7.6,0.0
1980197N07154,JOE,1980-07-23 06:41:29.345145522,20.8898,106.872,50.1,tỉnh Quảng Ninh,"tỉnh Quảng Ninh, thành phố Hải Phòng, Thủ đô Hà Nội, tỉnh Phú Thọ, tỉnh Hưng Yên, tỉnh Sơn La",3.39,9.7,9.2
1980225N11145,UNNAMED,1980-08-19 16:37:43.024173168,21.3001,107.6084,0.0,tỉnh Quảng Ninh,"tỉnh Quảng Ninh, tỉnh Bắc Ninh, Thủ đô Hà Nội, tỉnh Phú Thọ, tỉnh Sơn La, tỉnh Thanh Hóa",27.41,14.4,0.0
1980240N17119,UNNAMED,1980-08-31 12:54:58.097042078,18.9972,105.6196,0.0,tỉnh Nghệ An,tỉnh Nghệ An,11.85,0.1,0.0
1980248N11114,UNNAMED,1980-09-06 07:46:09.522923264,18.1189,106.4343,0.0,tỉnh Hà Tĩnh,tỉnh Hà Tĩnh,5.79,4.7,0.0
1980254N14112,RUTH,1980-09-16 05:02:55.186442192,19.7343,105.902,107.9,tỉnh Thanh Hóa,"tỉnh Thanh Hóa, tỉnh Nghệ An",9.89,7.9,85.9
1980300N08137,CARY,1980-11-02 03:37:17.047013527,12.9253,109.4378,43.1,tỉnh Đắk Lắk,"tỉnh Đắk Lắk, tỉnh Khánh Hòa, tỉnh Lâm Đồng",46.94,9.0,7.4
1980317N09118,UNNAMED,1980-11-16 09:45:48.051395665,10.9181,108.2949,0.0,tỉnh Lâm Đồng,"tỉnh Lâm Đồng, thành phố Hồ Chí Minh",14.26,3.2,0.0
1981176N08150,KELLY,1981-07-05 00:34:30.874147431,19.386,105.785,66.1,tỉnh Thanh Hóa,"tỉnh Thanh Hóa, tỉnh Nghệ An",0.0,9.9,43.6
1981214N13113,ROY,1981-08-10 15:07:18.674486230,20.0418,106.2344,0.0,tỉnh Ninh BÌnh,"tỉnh Ninh BÌnh, tỉnh Thanh Hóa",36.61,7.0,0.0
1981226N16119,WARREN,1981-08-20 08:01:48.914033307,20.2031,106.5628,78.9,tỉnh Ninh BÌnh,"tỉnh Ninh BÌnh, tỉnh Hưng Yên, Thủ đô Hà Nội, tỉnh Phú Thọ, tỉnh Lào Cai, tỉnh Sơn La, tỉnh Lai Châu, tỉnh Điện Biên",9.7,33.0,20.4
1981283N07132,FABIAN,1981-10-14 15:45:17.043138201,11.5919,109.1409,56.3,tỉnh Khánh Hòa,"tỉnh Khánh Hòa, tỉnh Lâm Đồng",55.32,7.0,33.6
1981311N08119,UNNAMED,1981-11-11 00:53:16.595429888,10.6888,107.8075,0.0,tỉnh Lâm Đồng,tỉnh Lâm Đồng,27.38,0.1,0.0
1982073N07153,MAMIE,1982-03-24 18:54:16.618232538,12.2032,109.2159,46.3,tỉnh Khánh Hòa,"tỉnh Khánh Hòa, tỉnh Lâm Đồng",0.0,12.1,35.0
1982190N09148,WINONA,1982-07-18 05:40:20.810656441,22.2121,106.6986,0.0,tỉnh Lạng Sơn,tỉnh Lạng Sơn,115.45,1.3,0.0
1982246N16119,HOPE,1982-09-06 22:03:56.878642803,15.6956,108.4824,101.7,thành phố Đà Nẵng,thành phố Đà Nẵng,50.68,4.0,83.4
1982248N14133,IRVING,1982-09-16 02:52:18.368837292,21.6018,107.8928,96.1,tỉnh Quảng Ninh,"tỉnh Quảng Ninh, tỉnh Lạng Sơn",9.2,3.6,49.8
1982283N17148,NANCY,1982-10-18 12:42:19.522511229,19.0,105.6196,130.2,tỉnh Nghệ An,tỉnh Nghệ An,32.41,19.0,12.3
1983167N05145,SARAH,1983-06-26 06:19:03.587343560,17.0546,107.1138,47.6,tỉnh Quảng Trị,"tỉnh Quảng Trị, tỉnh Hà Tĩnh, tỉnh Nghệ An, tỉnh Điện Biên, tỉnh Lai Châu",0.0,25.7,11.6
1983186N04153,VERA,1983-07-18 07:32:39.527363868,20.9366,106.955,99.5,tỉnh Quảng Ninh,"thành phố Hải Phòng, tỉnh Quảng Ninh, Thủ đô Hà Nội, tỉnh Phú Thọ, tỉnh Bắc Ninh, tỉnh Sơn La, tỉnh Lào Cai, tỉnh Điện Biên",22.05,13.9,42.4
1983271N18118,GEORGIA,1983-10-01 08:54:43.824858912,20.364,106.6177,93.6,tỉnh Hưng Yên,"tỉnh Hưng Yên, tỉnh Ninh BÌnh, tỉnh Thanh Hóa, tỉnh Phú Thọ",75.06,12.0,66.0
1983274N15119,UNNAMED,1983-10-03 21:20:10.889504509,19.1005,105.7212,0.0,tỉnh Nghệ An,tỉnh Nghệ An,2.52,3.7,0.0
1983276N06130,HERBERT,1983-10-08 21:33:15.835601422,12.8645,109.4533,89.4,tỉnh Đắk Lắk,"tỉnh Đắk Lắk, tỉnh Gia Lai, tỉnh Quảng Ngãi",5.01,17.8,49.8
1983282N09155,KIM,1983-10-17 06:44:27.962562001,11.0656,108.4778,65.3,tỉnh Lâm Đồng,"tỉnh Lâm Đồng, tỉnh Đồng Nai",8.38,6.4,60.7
1983287N09164,LEX,1983-10-26 14:16:43.402468382,17.8428,106.4444,47.8,tỉnh Quảng Trị,tỉnh Quảng Trị,9.31,3.7,19.5
1983301N11119,UNNAMED,1983-10-29 22:55:19.151263880,12.7821,109.3634,0.0,tỉnh Khánh Hòa,"tỉnh Khánh Hòa, tỉnh Đắk Lắk, tỉnh Gia Lai",3.36,8.1,0.0
1984159N12116,VERNON,1984-06-10 18:39:26.483699307,16.2772,108.0572,56.2,thành phố Huế,"thành phố Huế, tỉnh Quảng Trị",0.0,8.0,55.3
1984169N20137,WYNNE,1984-06-26 06:52:36.244773274,21.7001,107.3329,55.8,tỉnh Lạng Sơn,"tỉnh Lạng Sơn, tỉnh Bắc Ninh, tỉnh Thái Nguyên, tỉnh Phú Thọ, tỉnh Sơn La, tỉnh Lào Cai, tỉnh Điện Biên",15.51,15.7,5.8
1984184N06139,BETTY,1984-07-10 06:00:14.257670000,23.1344,105.5656,0.0,tỉnh Tuyên Quang,tỉnh Tuyên Quang,13.96,1.4,0.0
1984284N11116,SUSAN,1984-10-12 16:52:12.397697126,12.3003,109.2391,62.1,tỉnh Lâm Đồng,"tỉnh Lâm Đồng, tỉnh Khánh Hòa, tỉnh Đắk Lắk",94.45,7.7,53.9
1984291N13130,WARREN,1984-11-01 22:16:35.752245117,13.3911,109.2368,0.0,tỉnh Gia Lai,"tỉnh Đắk Lắk, tỉnh Gia Lai",20.23,6.5,0.0
1984302N00149,AGNES,1984-11-07 17:40:38.734600666,14.1561,109.2087,164.0,tỉnh Gia Lai,"tỉnh Gia Lai, tỉnh Quảng Ngãi",5.81,8.6,125.0
1985166N19111,UNNAMED,1985-06-22 03:07:45.125548348,20.1001,106.2871,0.0,tỉnh Ninh BÌnh,tỉnh Ninh BÌnh,0.0,3.9,0.0
1985221N18111,UNNAMED,1985-08-15 19:28:30.049829601,21.9684,106.9207,0.0,tỉnh Lạng Sơn,"tỉnh Lạng Sơn, tỉnh Bắc Ninh, tỉnh Thái Nguyên",54.68,5.5,0.0
1985231N25121,UNNAMED,1985-08-28 07:04:24.468186576,21.9951,106.7877,0.0,tỉnh Lạng Sơn,"tỉnh Lạng Sơn, tỉnh Bắc Ninh, tỉnh Thái Nguyên, thành phố Hải Phòng, tỉnh Quảng Ninh",12.48,48.1,0.0
1985268N16126,ANDY,1985-10-01 17:29:36.156051322,17.8001,106.4507,100.0,tỉnh Quảng Trị,tỉnh Quảng Trị,34.43,8.0,85.5
1985283N07115,UNNAMED,1985-10-11 18:55:50.363934340,10.7908,108.0255,0.0,tỉnh Lâm Đồng,"tỉnh Lâm Đồng, thành phố Hồ Chí Minh, tỉnh Đồng Nai, tỉnh Tây Ninh",10.06,4.0,0.0
1985281N02144,CECIL,1985-10-16 05:14:20.027055184,17.0416,107.111,172.1,tỉnh Quảng Trị,tỉnh Quảng Trị,4.43,3.1,161.4
1985284N05159,DOT,1985-10-21 20:32:22.926763446,18.7002,105.7921,101.6,tỉnh Hà Tĩnh,"tỉnh Hà Tĩnh, tỉnh Nghệ An",5.64,5.1,82.5
1985323N05107,GORDON,1985-11-25 18:22:52.292150306,12.2794,109.2032,66.0,tỉnh Khánh Hòa,"tỉnh Khánh Hòa, tỉnh Đắk Lắk",34.91,12.6,54.2
1986179N11175,PEGGY,1986-07-13 20:44:06.093628774,23.1431,105.5636,0.0,tỉnh Tuyên Quang,tỉnh Tuyên Quang,0.0,2.0,0.0
1986200N17111,UNNAMED,1986-07-22 20:23:17.722342093,22.3538,106.5611,0.0,tỉnh Lạng Sơn,"tỉnh Lạng Sơn, tỉnh Thái Nguyên, tỉnh Tuyên Quang",8.99,23.9,0.0
1986221N15115,UNNAMED,1986-08-12 02:09:30.329087860,20.9475,107.023,0.0,tỉnh Quảng Ninh,"tỉnh Quảng Ninh, tỉnh Bắc Ninh, tỉnh Lạng Sơn, tỉnh Cao Bằng",20.24,5.2,0.0
1986228N19120,WAYNE,1986-09-06 01:39:47.457955814,20.4562,106.6009,108.3,tỉnh Ninh BÌnh,"tỉnh Ninh BÌnh, tỉnh Hưng Yên, tỉnh Thanh Hóa",24.98,5.4,96.5
1986275N10134,DOM,1986-10-11 19:42:03.511426028,17.3235,106.7832,55.6,tỉnh Quảng Trị,tỉnh Quảng Trị,35.75,6.4,55.3
1986276N07177,ELLEN,1986-10-20 06:56:38.305428140,21.1982,107.4112,0.0,tỉnh Quảng Ninh,"tỉnh Quảng Ninh, tỉnh Bắc Ninh, tỉnh Lạng Sơn, tỉnh Thái Nguyên",8.47,6.1,0.0
1986287N09141,GEORGIA,1986-10-22 04:24:10.001957778,15.2135,108.9329,82.1,tỉnh Quảng Ngãi,"tỉnh Quảng Ngãi, thành phố Đà Nẵng",1.89,8.0,67.1
1986302N05178,HERBERT,1986-11-12 05:51:56.251088460,14.4622,109.1135,0.0,tỉnh Gia Lai,"tỉnh Gia Lai, tỉnh Quảng Ngãi",21.06,7.1,0.0
1987219N08134,BETTY,1987-08-16 14:31:43.202056371,17.8511,106.4453,110.9,tỉnh Quảng Trị,tỉnh Quảng Trị,0.0,3.9,99.7
1987219N08155,CARY,1987-08-22 18:43:31.203187759,18.7817,105.7458,111.6,tỉnh Nghệ An,tỉnh Nghệ An,6.17,6.4,102.2
1987245N17120,UNNAMED,1987-09-05 19:46:52.164330373,15.3001,108.8698,0.0,tỉnh Quảng Ngãi,"tỉnh Quảng Ngãi, thành phố Đà Nẵng",14.04,5.2,0.0
1987311N10148,MAURY,1987-11-19 08:17:58.907625327,12.8682,109.4522,54.0,tỉnh Khánh Hòa,"tỉnh Khánh Hòa, tỉnh Đắk Lắk, tỉnh Lâm Đồng",74.52,10.7,45.9
1987325N13126,OGDEN,1987-11-25 03:21:29.244182274,12.8358,109.3642,76.1,tỉnh Khánh Hòa,"tỉnh Khánh Hòa, tỉnh Đắk Lắk, tỉnh Gia Lai, tỉnh Quảng Ngãi",5.79,11.8,57.8
1988214N18116,UNNAMED,1988-08-03 14:40:16.516956716,21.2557,107.4443,0.0,tỉnh Quảng Ninh,"tỉnh Quảng Ninh, tỉnh Lạng Sơn",0.0,22.3,0.0
1988271N16125,UNNAMED,1988-10-04 08:53:48.946619500,19.4368,105.8103,0.0,tỉnh Thanh Hóa,"tỉnh Thanh Hóa, tỉnh Nghệ An",61.76,4.1,0.0
1988282N15118,UNNAMED,1988-10-10 10:15:20.960926358,14.2256,109.183,0.0,tỉnh Gia Lai,tỉnh Gia Lai,6.06,2.7,0.0
1988288N14115,UNNAMED,1988-10-15 23:54:20.803430026,14.2636,109.1825,0.0,tỉnh Gia Lai,"tỉnh Gia Lai, tỉnh Quảng Ngãi",5.57,9.1,0.0
1988290N08145,PAT,1988-10-23 07:23:38.594143820,20.5789,106.6215,0.0,thành phố Hải Phòng,"tỉnh Hưng Yên, thành phố Hải Phòng, tỉnh Bắc Ninh, tỉnh Thái Nguyên, tỉnh Tuyên Quang",7.31,11.6,0.0
1988307N09131,TESS,1988-11-06 18:29:07.287825379,11.3658,109.0202,84.9,tỉnh Khánh Hòa,"tỉnh Khánh Hòa, tỉnh Lâm Đồng, tỉnh Đồng Nai",14.46,9.0,63.4
1989142N11114,CECIL,1989-05-25 03:07:38.519890773,15.9709,108.2873,116.5,thành phố Đà Nẵng,"thành phố Đà Nẵng, thành phố Huế, tỉnh Quảng Trị",0.0,15.4,79.4
1989153N04144,DOT,1989-06-11 09:54:49.910060325,20.2885,106.6086,92.9,tỉnh Hưng Yên,"tỉnh Hưng Yên, Thủ đô Hà Nội, tỉnh Phú Thọ, tỉnh Lào Cai",17.28,33.1,23.4
1989176N14114,UNNAMED,1989-06-26 20:19:19.216854012,16.0614,108.2469,0.0,thành phố Đà Nẵng,"thành phố Đà Nẵng, thành phố Huế, tỉnh Quảng Trị",15.43,6.4,0.0
1989187N15132,FAYE,1989-07-11 14:28:02.429014749,21.2959,107.607,51.0,tỉnh Quảng Ninh,"tỉnh Quảng Ninh, tỉnh Lạng Sơn",14.76,4.5,44.8
1989199N05139,IRVING,1989-07-24 06:27:17.324609961,19.2455,105.7728,101.9,tỉnh Nghệ An,"tỉnh Nghệ An, tỉnh Thanh Hóa",12.67,6.9,88.3
1989272N18120,BRIAN,1989-10-03 15:55:37.726528512,18.9952,105.6195,111.8,tỉnh Nghệ An,tỉnh Nghệ An,71.39,6.1,87.4
1989271N12142,ANGELA,1989-10-10 14:29:10.841448336,17.4001,106.7018,139.0,tỉnh Quảng Trị,tỉnh Quảng Trị,6.94,4.8,124.6
1989279N07151,DAN,1989-10-13 18:38:16.390336462,18.2881,106.0845,103.0,tỉnh Hà Tĩnh,tỉnh Hà Tĩnh,3.17,5.3,83.3
1989286N14137,ELSIE,1989-10-22 13:56:29.430031282,18.4003,105.9803,61.9,tỉnh Hà Tĩnh,tỉnh Hà Tĩnh,8.8,3.6,56.3
1990163N08133,NATHAN,1990-06-19 03:34:09.288981224,22.5571,106.6007,56.9,tỉnh Cao Bằng,"tỉnh Cao Bằng, tỉnh Tuyên Quang",0.0,7.5,32.9
1990202N14110,UNNAMED,1990-07-23 05:23:24.442167541,19.2318,105.7687,0.0,tỉnh Nghệ An,"tỉnh Nghệ An, tỉnh Thanh Hóa",34.08,5.5,0.0
1990232N13141,BECKY,1990-08-29 19:11:06.199342350,17.8001,106.4507,120.2,tỉnh Quảng Trị,tỉnh Quảng Trị,37.57,2.9,118.4
1990250N13157,ED,1990-09-19 09:58:30.719941323,17.0838,107.1163,98.2,tỉnh Quảng Trị,"tỉnh Quảng Trị, tỉnh Nghệ An",20.62,8.5,53.6
1990272N11121,IRA,1990-10-03 08:56:02.738345006,13.6002,109.2488,62.4,tỉnh Đắk Lắk,"tỉnh Đắk Lắk, tỉnh Gia Lai",13.96,7.2,57.8
1990283N15129,JEANA,1990-10-14 10:42:38.017126998,12.8238,109.358,59.8,tỉnh Đắk Lắk,"tỉnh Khánh Hòa, tỉnh Đắk Lắk, tỉnh Gia Lai",11.07,9.4,56.0
1990288N15118,LOLA,1990-10-18 11:39:20.006415205,13.7001,109.2241,74.1,tỉnh Gia Lai,tỉnh Gia Lai,4.04,11.3,67.6
1990312N12121,NELL,1990-11-12 09:39:40.075064769,12.7002,109.4154,61.5,tỉnh Khánh Hòa,"tỉnh Khánh Hòa, tỉnh Đắk Lắk, tỉnh Lâm Đồng",24.92,6.9,55.8
1990310N07152,MIKE,1990-11-18 09:49:12.584222187,21.388,107.712,52.1,tỉnh Quảng Ninh,tỉnh Quảng Ninh,6.01,3.5,48.8
1991187N06139,ZEKE,1991-07-14 03:06:57.481090578,20.9115,106.9479,102.0,tỉnh Quảng Ninh,"tỉnh Quảng Ninh, thành phố Hải Phòng, tỉnh Bắc Ninh, tỉnh Thái Nguyên, tỉnh Tuyên Quang, tỉnh Lào Cai, tỉnh Lai Châu",0.0,27.9,43.5
1991196N06153,BRENDAN,1991-07-25 15:10:16.030852136,23.0239,105.7778,10.2,tỉnh Cao Bằng,"tỉnh Tuyên Quang, tỉnh Cao Bằng, tỉnh Lào Cai",11.5,3.4,4.5
1991207N20105,BRENDAN,1991-07-25 19:00:00.000000000,20.0,105.0,0.0,tỉnh Thanh Hóa,"tỉnh Thanh Hóa, tỉnh Ninh BÌnh, tỉnh Phú Thọ, tỉnh Hưng Yên, tỉnh Quảng Ninh",0.16,37.2,0.0
1991220N10133,FRED,1991-08-17 14:59:25.701029102,18.0674,106.4345,126.6,tỉnh Hà Tĩnh,"tỉnh Hà Tĩnh, tỉnh Quảng Trị",22.83,4.5,113.3
1992174N13126,CHUCK,1992-06-29 15:50:58.870337049,20.785,106.81,101.9,thành phố Hải Phòng,"thành phố Hải Phòng, tỉnh Quảng Ninh, tỉnh Bắc Ninh, Thủ đô Hà Nội, tỉnh Phú Thọ, tỉnh Thái Nguyên, tỉnh Tuyên Quang, tỉnh Cao Bằng",0.0,48.0,57.3
1992188N07156,ELI,1992-07-14 00:40:14.386757379,20.6865,106.7955,102.5,thành phố Hải Phòng,"thành phố Hải Phòng, tỉnh Hưng Yên, Thủ đô Hà Nội, tỉnh Phú Thọ, tỉnh Sơn La, tỉnh Điện Biên",14.37,11.4,57.3
1992198N13135,GARY,1992-07-23 18:36:37.198058356,22.5835,106.7168,56.3,tỉnh Cao Bằng,"tỉnh Cao Bằng, tỉnh Thái Nguyên, tỉnh Tuyên Quang, tỉnh Lào Cai, tỉnh Lai Châu, tỉnh Điện Biên",9.75,17.2,35.6
1992236N07159,OMAR,1992-09-08 23:35:36.164009162,20.7001,106.7929,0.0,thành phố Hải Phòng,"thành phố Hải Phòng, tỉnh Hưng Yên, tỉnh Ninh BÌnh",47.21,7.4,0.0
1992261N15116,UNNAMED,1992-09-20 06:37:35.073412921,18.0502,106.4492,0.0,tỉnh Hà Tĩnh,tỉnh Hà Tĩnh,11.29,0.4,0.0
1992286N12115,ANGELA,1992-10-23 14:06:14.680687100,13.3633,109.2528,72.7,tỉnh Đắk Lắk,"tỉnh Đắk Lắk, tỉnh Gia Lai, tỉnh Đồng Tháp, tỉnh An Giang",33.31,24.9,43.2
1992289N08135,COLLEEN,1992-10-28 09:23:43.784670555,14.38,109.121,103.7,tỉnh Gia Lai,"tỉnh Gia Lai, tỉnh Quảng Ngãi",4.8,8.4,90.6
1993164N04160,KORYN,1993-06-28 17:00:13.418819560,22.3003,106.6658,67.9,tỉnh Lạng Sơn,"tỉnh Lạng Sơn, tỉnh Thái Nguyên, tỉnh Cao Bằng",0.0,13.2,38.5
1993185N09137,LEWIS,1993-07-12 06:05:31.802596285,19.1001,105.721,86.1,tỉnh Nghệ An,tỉnh Nghệ An,13.55,9.0,72.9
1993231N09134,WINONA,1993-08-29 14:01:40.686380943,17.7688,106.4603,63.6,tỉnh Quảng Trị,"tỉnh Quảng Trị, tỉnh Hà Tĩnh",48.33,3.3,61.1
1993322N09137,KYLE,1993-11-23 18:05:15.018120013,13.0001,109.3825,160.2,tỉnh Đắk Lắk,"tỉnh Đắk Lắk, tỉnh Gia Lai",86.17,8.1,136.4
1993331N05172,LOLA,1993-12-09 00:44:39.298084598,11.8636,109.1853,176.7,tỉnh Khánh Hòa,"tỉnh Khánh Hòa, tỉnh Lâm Đồng, tỉnh Đắk Lắk",15.28,5.9,137.8
1994134N05161,UNNAMED,1994-05-27 03:55:44.877769010,15.7977,108.4213,42.7,thành phố Đà Nẵng,thành phố Đà Nẵng,0.0,3.1,39.9
1994199N20106,UNNAMED,1994-07-18 07:00:00.000000000,20.0,106.0,0.0,tỉnh Thanh Hóa,"tỉnh Thanh Hóa, tỉnh Ninh BÌnh, tỉnh Hưng Yên",52.13,9.0,0.0
1994206N22107,AMY,1994-07-26 05:08:37.069449162,21.9238,106.968,0.0,tỉnh Lạng Sơn,"tỉnh Lạng Sơn, tỉnh Bắc Ninh, tỉnh Quảng Ninh, tỉnh Thanh Hóa, tỉnh Nghệ An",7.92,20.6,17.0
1994232N10144,HARRY,1994-08-28 21:13:57.091705856,21.0002,107.3535,85.7,tỉnh Quảng Ninh,"tỉnh Quảng Ninh, thành phố Hải Phòng, tỉnh Bắc Ninh, Thủ đô Hà Nội, tỉnh Phú Thọ, tỉnh Sơn La, tỉnh Điện Biên",33.67,21.8,47.4
1994242N12112,JOEL,1994-09-07 15:56:20.394643484,20.7939,106.9061,79.7,thành phố Hải Phòng,"thành phố Hải Phòng, tỉnh Quảng Ninh, tỉnh Bắc Ninh, tỉnh Thái Nguyên, tỉnh Tuyên Quang",9.78,22.3,50.7
1994250N14133,LUKE,1994-09-14 02:23:39.963812503,19.1002,105.7211,53.8,tỉnh Nghệ An,tỉnh Nghệ An,6.44,10.5,45.9
1994287N14156,TERESA,1994-10-26 21:40:06.153143682,10.7212,108.0055,43.0,tỉnh Lâm Đồng,"tỉnh Lâm Đồng, tỉnh Đồng Nai, thành phố Hồ Chí Minh, tỉnh Tây Ninh",42.8,9.0,35.4
1995233N16115,LOIS,1995-08-29 23:21:17.356508762,19.255,105.7741,120.4,tỉnh Nghệ An,tỉnh Nghệ An,0.0,7.7,109.8
1995244N08139,NINA,1995-09-08 02:50:21.420550590,23.0946,105.5633,49.9,tỉnh Tuyên Quang,"tỉnh Tuyên Quang, tỉnh Cao Bằng",9.15,2.1,46.7
1995247N05144,UNNAMED,1995-09-11 12:14:00.066089245,14.8745,108.9767,38.5,tỉnh Quảng Ngãi,tỉnh Quảng Ngãi,3.39,7.1,33.4
1995262N04161,UNNAMED,1995-09-29 03:00:06.869541283,12.8617,109.4535,46.3,tỉnh Đắk Lắk,tỉnh Đắk Lắk,17.62,4.0,46.3
1995276N13124,UNNAMED,1995-10-06 15:55:50.559541932,14.7977,109.0162,42.7,tỉnh Quảng Ngãi,tỉnh Quảng Ngãi,7.54,12.9,36.9
1995292N08150,YVETTE,1995-10-26 09:21:56.975872420,13.4001,109.2269,117.5,tỉnh Đắk Lắk,"tỉnh Đắk Lắk, tỉnh Gia Lai",19.73,7.4,111.5
1995294N05163,ZACK,1995-11-01 10:23:15.279756410,14.7872,109.0225,153.8,tỉnh Quảng Ngãi,tỉnh Quảng Ngãi,6.04,6.2,127.1
1996202N17115,FRANKIE,1996-07-24 01:17:01.440920724,20.2095,106.5716,164.6,tỉnh Ninh BÌnh,"tỉnh Ninh BÌnh, tỉnh Thanh Hóa",0.0,11.9,126.5
1996225N23108,MARTY,1996-08-12 21:31:24.395511529,21.5363,107.9653,46.3,tỉnh Quảng Ninh,"tỉnh Quảng Ninh, tỉnh Hưng Yên, tỉnh Ninh BÌnh, tỉnh Phú Thọ, tỉnh Thanh Hóa",19.84,36.3,57.6
1996227N08156,NIKI,1996-08-22 23:29:45.139664616,19.9001,105.9512,125.0,tỉnh Thanh Hóa,tỉnh Thanh Hóa,10.08,4.1,116.2
1996246N08148,SALLY,1996-09-09 21:12:11.589260234,22.121,106.6927,122.6,tỉnh Lạng Sơn,"tỉnh Lạng Sơn, tỉnh Thái Nguyên, tỉnh Tuyên Quang",17.9,6.3,100.2
1996260N19107,WILLIE,1996-09-22 19:21:37.899854254,18.776,105.7519,108.9,tỉnh Nghệ An,"tỉnh Nghệ An, tỉnh Hà Tĩnh",12.92,4.4,94.5
1996282N11162,ABEL:BETH,1996-10-22 03:06:12.434613818,13.8938,109.2937,55.6,tỉnh Gia Lai,"tỉnh Gia Lai, tỉnh Đắk Lắk",29.32,12.9,51.1
1996305N11121,UNNAMED,1996-11-03 02:59:37.773988836,14.1668,109.2021,71.6,tỉnh Gia Lai,"tỉnh Gia Lai, tỉnh Quảng Ngãi",12.0,4.8,67.8
1996312N14125,ERNIE,1996-11-16 16:42:54.528816175,9.6762,106.5808,55.6,tỉnh Vĩnh Long,"tỉnh Vĩnh Long, thành phố Cần Thơ, tỉnh Cà Mau, tỉnh An Giang",13.57,9.1,52.0
1997232N17115,ZITA,1997-08-23 02:55:53.279974048,21.2002,107.4137,138.9,tỉnh Quảng Ninh,"tỉnh Quảng Ninh, tỉnh Bắc Ninh, thành phố Hải Phòng, Thủ đô Hà Nội, tỉnh Phú Thọ, tỉnh Lào Cai, tỉnh Sơn La, tỉnh Lai Châu, tỉnh Điện Biên",0.0,23.3,90.0
1997261N13114,FRITZ,1997-09-25 10:40:49.974169170,15.7774,108.4319,127.5,thành phố Đà Nẵng,thành phố Đà Nẵng,33.32,8.4,114.7
1997270N18111,HANK,1997-10-05 00:04:11.815734630,17.8761,106.4553,46.3,tỉnh Quảng Trị,"tỉnh Hà Tĩnh, tỉnh Quảng Trị, tỉnh Nghệ An",9.56,12.9,44.4
1997298N06140,LINDA,1997-11-02 15:45:28.972013493,8.892,105.3565,101.9,tỉnh Cà Mau,tỉnh Cà Mau,28.65,2.7,101.9
1998254N20116,UNNAMED,1998-09-14 12:44:48.421856392,20.2,106.5344,37.5,tỉnh Ninh BÌnh,"tỉnh Ninh BÌnh, tỉnh Phú Thọ",0.0,12.3,30.5
1998260N16110,UNNAMED,1998-09-20 00:04:44.446191675,18.7001,105.7921,46.3,tỉnh Nghệ An,"tỉnh Hà Tĩnh, tỉnh Nghệ An",5.47,0.9,46.3
1998275N12113,UNNAMED,1998-10-06 06:07:24.921516115,19.3708,105.7877,0.0,tỉnh Thanh Hóa,tỉnh Thanh Hóa,16.25,0.9,0.0
1998321N11117,DAWN,1998-11-20 00:08:48.936195844,12.4431,109.2854,66.4,tỉnh Khánh Hòa,"tỉnh Khánh Hòa, tỉnh Đắk Lắk",44.75,13.2,53.9
1998327N09126,ELVIS,1998-11-26 05:34:46.002695854,13.9527,109.2421,76.7,tỉnh Gia Lai,"tỉnh Gia Lai, tỉnh Quảng Ngãi",6.23,13.4,57.8
1998342N06141,FAITH,1998-12-14 06:52:44.848203218,12.6799,109.2202,111.3,tỉnh Khánh Hòa,"tỉnh Khánh Hòa, tỉnh Đắk Lắk, tỉnh Gia Lai, tỉnh Quảng Ngãi",18.05,10.3,87.7
1999288N12129,EVE,1999-10-20 05:16:49.910702872,17.2428,106.8867,0.0,tỉnh Quảng Trị,tỉnh Quảng Trị,0.0,7.1,0.0
1999348N12115,UNNAMED,1999-12-16 10:30:59.499162637,12.4517,109.1828,35.4,tỉnh Khánh Hòa,tỉnh Khánh Hòa,57.22,2.5,32.4
2000193N10131,UNNAMED,2000-07-18 12:31:27.079607092,22.0324,106.706,0.0,tỉnh Lạng Sơn,"tỉnh Lạng Sơn, tỉnh Thái Nguyên, tỉnh Phú Thọ, tỉnh Tuyên Quang, tỉnh Bắc Ninh, tỉnh Quảng Ninh, tỉnh Ninh BÌnh, tỉnh Hưng Yên",0.0,17.7,0.0
2000232N12116,KAEMI,2000-08-22 13:45:54.701216478,16.0747,108.2469,81.0,thành phố Đà Nẵng,thành phố Đà Nẵng,35.05,4.1,74.5
2000248N17117,WUKONG,2000-09-10 10:53:33.499053380,18.1705,106.2917,93.7,tỉnh Hà Tĩnh,tỉnh Hà Tĩnh,18.88,3.1,85.5
2001180N15118,DURIAN,2001-07-03 05:45:47.062894208,22.6176,106.7238,59.4,tỉnh Cao Bằng,"tỉnh Cao Bằng, tỉnh Thái Nguyên, tỉnh Tuyên Quang",0.0,13.0,34.8
2001220N17118,USAGI,2001-08-11 00:37:26.670210204,18.3751,106.0004,74.1,tỉnh Hà Tĩnh,tỉnh Hà Tĩnh,38.79,2.7,70.1
2001239N19116,FITOW,2001-09-12 01:37:48.535036003,18.7591,105.7766,0.0,tỉnh Hà Tĩnh,"tỉnh Hà Tĩnh, tỉnh Nghệ An",32.04,3.5,0.0
2001309N10130,LINGLING,2001-11-12 01:45:21.562526124,13.6001,109.2488,168.0,tỉnh Đắk Lắk,"tỉnh Đắk Lắk, tỉnh Gia Lai",61.01,8.8,125.6
2003196N11137,KONI,2003-07-22 13:58:38.951293303,19.9655,106.1721,97.6,tỉnh Thanh Hóa,"tỉnh Thanh Hóa, tỉnh Ninh BÌnh",0.0,6.0,84.7
2003196N05150,IMBUDO,2003-07-25 12:07:37.050146241,23.3004,105.3982,66.4,tỉnh Tuyên Quang,tỉnh Tuyên Quang,2.92,0.9,67.6
2003226N07156,KROVANH,2003-08-25 20:45:13.605393459,21.3587,107.6494,153.7,tỉnh Quảng Ninh,"tỉnh Quảng Ninh, tỉnh Lạng Sơn, tỉnh Bắc Ninh, tỉnh Thái Nguyên, tỉnh Tuyên Quang, tỉnh Lào Cai, tỉnh Điện Biên, tỉnh Lai Châu",31.36,22.2,61.7
2004158N07142,CHANTHU,2004-06-12 16:34:07.968072324,13.9002,109.2673,127.9,tỉnh Gia Lai,tỉnh Gia Lai,0.0,8.1,112.7
2005210N19115,WASHI,2005-07-31 10:29:53.468554390,20.1333,106.3171,72.5,tỉnh Ninh BÌnh,"tỉnh Ninh BÌnh, tỉnh Thanh Hóa, tỉnh Phú Thọ",0.0,7.7,58.0
2005257N15120,VICENTE,2005-09-18 14:30:58.984413364,17.8532,106.4457,90.7,tỉnh Quảng Trị,"tỉnh Hà Tĩnh, tỉnh Quảng Trị",49.17,3.8,87.9
2005262N13127,DAMREY,2005-09-27 09:23:33.626031147,19.6002,105.8215,89.6,tỉnh Thanh Hóa,"tỉnh Thanh Hóa, tỉnh Nghệ An",8.79,7.4,80.9
2005279N17111,UNNAMED,2005-10-07 22:46:43.950964447,16.7002,107.4442,50.4,thành phố Huế,"thành phố Huế, tỉnh Quảng Trị",10.56,4.0,47.9
2005301N13117,KAI-TAK,2005-11-02 09:49:44.228338446,18.0762,106.4298,83.9,tỉnh Hà Tĩnh,"tỉnh Hà Tĩnh, tỉnh Nghệ An, tỉnh Thanh Hóa",25.46,3.4,62.3
2006184N16110,UNNAMED,2006-07-04 12:15:19.071974066,21.5123,107.7878,0.0,tỉnh Quảng Ninh,tỉnh Quảng Ninh,0.0,0.7,0.0
2006188N10143,BILIS,2006-07-17 11:22:59.208581316,23.0162,105.7844,0.0,tỉnh Tuyên Quang,"tỉnh Tuyên Quang, tỉnh Cao Bằng",12.96,7.6,0.0
2006264N13115,UNNAMED,2006-09-25 11:22:06.382173590,17.8375,106.4443,0.0,tỉnh Hà Tĩnh,"tỉnh Hà Tĩnh, tỉnh Quảng Trị",70.0,1.6,0.0
2006268N12129,XANGSANE,2006-10-01 08:37:16.412724919,15.9922,108.2756,152.4,thành phố Đà Nẵng,thành phố Đà Nẵng,5.89,5.2,143.9
2006329N06150,DURIAN,2006-12-05 09:08:52.280050574,9.7138,106.5703,95.2,tỉnh Vĩnh Long,"tỉnh Vĩnh Long, tỉnh Cà Mau, thành phố Cần Thơ",65.02,6.1,85.6
2007184N16112,TORAJI,2007-07-05 17:35:28.891207543,21.4592,107.788,58.2,tỉnh Quảng Ninh,"tỉnh Quảng Ninh, tỉnh Lạng Sơn, tỉnh Thái Nguyên, tỉnh Tuyên Quang",0.0,10.2,41.9
2007265N20122,FRANCISCO,2007-09-25 20:41:37.348740582,20.4132,106.6053,37.0,tỉnh Hưng Yên,"tỉnh Hưng Yên, tỉnh Ninh BÌnh, Thủ đô Hà Nội, tỉnh Phú Thọ",82.13,10.3,20.9
2007272N17125,LEKIMA,2007-10-03 19:09:13.932691556,17.9,106.4692,128.5,tỉnh Quảng Trị,tỉnh Quảng Trị,7.94,4.1,111.5
2007306N18133,PEIPAH,2007-11-10 09:50:19.787762454,11.2054,108.7322,37.0,tỉnh Lâm Đồng,"tỉnh Lâm Đồng, tỉnh Đồng Nai",37.61,9.1,37.0
2008217N19120,KAMMURI,2008-08-07 13:53:57.811642396,21.5236,108.0366,54.4,tỉnh Quảng Ninh,"tỉnh Quảng Ninh, tỉnh Lạng Sơn, tỉnh Bắc Ninh, tỉnh Phú Thọ, tỉnh Thái Nguyên, tỉnh Sơn La, tỉnh Điện Biên",0.0,22.9,24.4
2008262N16142,HAGUPIT,2008-09-25 04:55:49.635460840,22.4001,106.5759,61.9,tỉnh Lạng Sơn,"tỉnh Lạng Sơn, tỉnh Cao Bằng, tỉnh Thái Nguyên, tỉnh Tuyên Quang, tỉnh Lào Cai, tỉnh Lai Châu",48.63,20.1,22.8
2008272N15113,MEKKHALA,2008-09-30 08:34:17.063891932,17.5575,106.5813,95.1,tỉnh Quảng Trị,tỉnh Quảng Trị,5.15,3.3,87.5
2008286N17109,UNNAMED,2008-10-15 16:37:47.369585784,18.579,105.837,44.4,tỉnh Hà Tĩnh,tỉnh Hà Tĩnh,15.34,5.9,37.4
2008320N08122,NOUL,2008-11-17 14:20:26.218686433,11.8427,109.1774,69.9,tỉnh Khánh Hòa,"tỉnh Lâm Đồng, tỉnh Khánh Hòa, tỉnh Đồng Nai",32.9,6.2,54.8
2009189N17129,SOUDELOR,2009-07-12 17:06:20.580230282,21.0374,107.3685,40.5,tỉnh Quảng Ninh,"tỉnh Quảng Ninh, Thủ đô Hà Nội, thành phố Hải Phòng, tỉnh Bắc Ninh, tỉnh Phú Thọ, tỉnh Sơn La",0.0,7.9,16.6
2009251N16118,MUJIGAE,2009-09-12 06:54:06.680976973,19.8967,106.1131,46.3,tỉnh Ninh BÌnh,"tỉnh Ninh BÌnh, tỉnh Thanh Hóa",61.57,5.7,45.2
2009268N14128,KETSANA,2009-09-29 13:32:39.562969182,15.3819,108.8274,160.0,tỉnh Quảng Ngãi,"tỉnh Quảng Ngãi, thành phố Đà Nẵng",17.28,9.0,107.1
2009270N10148,PARMA,2009-10-14 17:13:33.002111118,20.3409,106.6183,70.3,tỉnh Hưng Yên,tỉnh Hưng Yên,15.15,7.8,55.5
2009299N12153,MIRINAE,2009-11-02 14:26:04.190773830,12.8587,109.4512,111.5,tỉnh Khánh Hòa,"tỉnh Khánh Hòa, tỉnh Đắk Lắk, tỉnh Lâm Đồng",18.88,8.4,68.4
2010018N07113,UNNAMED,2010-01-20 09:20:46.260030706,10.3939,107.1595,43.4,thành phố Hồ Chí Minh,"thành phố Hồ Chí Minh, tỉnh Tây Ninh",0.0,3.7,40.6
2010191N12138,CONSON,2010-07-17 19:12:34.120804860,20.614,106.6721,82.4,thành phố Hải Phòng,"thành phố Hải Phòng, tỉnh Hưng Yên, Thủ đô Hà Nội, tỉnh Phú Thọ",178.41,11.8,60.4
2010233N17119,MINDULLE,2010-08-24 18:03:49.194762796,18.9377,105.6249,88.0,tỉnh Nghệ An,tỉnh Nghệ An,37.95,12.9,58.5
2010315N14112,UNNAMED,2010-11-14 04:58:35.434240885,14.6652,109.0699,53.1,tỉnh Quảng Ngãi,tỉnh Quảng Ngãi,81.45,14.2,41.2
2011167N08129,HAIMA,2011-06-24 17:43:45.771394346,20.3002,106.6118,64.8,tỉnh Ninh BÌnh,"tỉnh Ninh BÌnh, tỉnh Hưng Yên, tỉnh Thanh Hóa",0.0,8.7,60.1
2011205N12130,NOCK-TEN,2011-07-30 16:51:11.207299492,19.2435,105.7723,68.8,tỉnh Nghệ An,tỉnh Nghệ An,35.96,4.8,48.0
2011267N16111,HAITANG,2011-09-27 09:17:07.567976824,16.7763,107.343,37.0,tỉnh Quảng Trị,tỉnh Quảng Trị,58.68,3.5,37.0
2011266N13139,NESAT,2011-09-30 12:30:57.253994686,20.9001,106.8807,94.1,tỉnh Quảng Ninh,"tỉnh Quảng Ninh, thành phố Hải Phòng, tỉnh Bắc Ninh, Thủ đô Hà Nội",3.13,12.5,66.5
2012086N10116,PAKHAR,2012-04-01 16:59:45.419147876,10.4996,107.5005,68.5,thành phố Hồ Chí Minh,"thành phố Hồ Chí Minh, tỉnh Đồng Nai",0.0,15.0,33.3
2012201N15129,VICENTE,2012-07-25 03:31:45.480171028,22.9159,106.6098,64.6,tỉnh Cao Bằng,"tỉnh Cao Bằng, tỉnh Thái Nguyên, tỉnh Tuyên Quang",114.44,9.1,23.9
2012225N16133,KAI-TAK,2012-08-17 20:18:27.813186885,21.3439,107.6526,107.1,tỉnh Quảng Ninh,"tỉnh Quảng Ninh, tỉnh Lạng Sơn, tỉnh Bắc Ninh, tỉnh Thái Nguyên, tỉnh Tuyên Quang, tỉnh Lào Cai, tỉnh Lai Châu",23.7,18.5,56.3
2012273N13112,GAEMI,2012-10-06 16:26:30.260822316,13.2001,109.297,69.6,tỉnh Đắk Lắk,"tỉnh Đắk Lắk, tỉnh Gia Lai",49.84,7.7,60.0
2012296N06135,SON-TINH,2012-10-28 21:52:53.602990050,20.2842,106.6079,148.9,tỉnh Hưng Yên,"tỉnh Hưng Yên, thành phố Hải Phòng, tỉnh Quảng Ninh",22.23,20.2,59.9
2012317N07118,UNNAMED,2012-11-15 17:07:48.656876887,10.3884,106.9247,0.0,thành phố Hồ Chí Minh,"thành phố Hồ Chí Minh, tỉnh Đồng Nai",17.8,7.9,0.0
2013171N15117,BEBINCA,2013-06-23 17:31:49.441821106,20.2531,106.5981,39.8,tỉnh Hưng Yên,"tỉnh Hưng Yên, thành phố Hải Phòng, tỉnh Bắc Ninh, tỉnh Lạng Sơn, tỉnh Thái Nguyên",0.0,19.5,28.7
2013210N13122,JEBI,2013-08-03 09:00:14.386181911,21.2931,107.5864,90.1,tỉnh Quảng Ninh,"tỉnh Quảng Ninh, tỉnh Lạng Sơn, tỉnh Thái Nguyên, tỉnh Lào Cai, tỉnh Tuyên Quang",40.64,10.0,79.4
2013217N11118,MANGKHUT,2013-08-07 21:52:49.048138992,19.592,105.82,65.2,tỉnh Thanh Hóa,"tỉnh Thanh Hóa, tỉnh Nghệ An, tỉnh Sơn La",4.54,6.8,53.9
2013260N15112,UNNAMED,2013-09-19 01:30:44.521787808,15.9831,108.2804,38.4,thành phố Đà Nẵng,thành phố Đà Nẵng,42.15,3.6,16.0
2013269N15118,WUTIP,2013-09-30 16:43:41.169888786,17.7246,106.4817,152.9,tỉnh Quảng Trị,tỉnh Quảng Trị,11.63,2.7,145.8
2013282N14132,NARI,2013-10-15 05:27:54.142368652,15.8513,108.4046,125.1,thành phố Đà Nẵng,thành phố Đà Nẵng,14.53,6.0,119.0
2013305N07141,UNNAMED,2013-11-06 18:26:33.978500102,11.5001,109.0115,46.3,tỉnh Khánh Hòa,"tỉnh Khánh Hòa, tỉnh Lâm Đồng, tỉnh Đồng Nai",22.54,9.5,45.7
2013306N07162,HAIYAN,2013-11-11 03:58:18.250405147,20.9911,107.3015,120.5,tỉnh Quảng Ninh,"tỉnh Quảng Ninh, tỉnh Lạng Sơn",4.4,3.6,114.1
2013316N06130,PODUL,2013-11-15 05:13:51.238383628,12.0412,109.2129,46.3,tỉnh Khánh Hòa,"tỉnh Khánh Hòa, tỉnh Lâm Đồng",4.05,7.8,43.1
2014190N08154,RAMMASUN,2014-07-19 16:50:45.029152658,22.5785,106.6695,115.2,tỉnh Cao Bằng,"tỉnh Cao Bằng, tỉnh Tuyên Quang",0.0,9.6,86.0
2014254N10142,KALMAEGI,2014-09-16 21:09:51.914279458,21.3168,107.6232,132.2,tỉnh Quảng Ninh,"tỉnh Quảng Ninh, tỉnh Lạng Sơn, tỉnh Thái Nguyên, tỉnh Tuyên Quang, tỉnh Lào Cai",59.18,12.5,111.5
2014329N08131,SINLAKU,2014-11-30 00:14:06.883760562,13.4678,109.3292,76.4,tỉnh Đắk Lắk,"tỉnh Đắk Lắk, tỉnh Gia Lai",74.13,12.8,41.7
2015171N15112,KUJIRA,2015-06-24 12:53:25.613041232,20.7927,106.9037,65.2,thành phố Hải Phòng,"thành phố Hải Phòng, tỉnh Quảng Ninh, tỉnh Bắc Ninh, tỉnh Lạng Sơn, tỉnh Thái Nguyên",0.0,18.1,22.6
2015256N16113,VAMCO,2015-09-14 20:30:55.547201044,15.6003,108.5465,62.9,thành phố Đà Nẵng,thành phố Đà Nẵng,82.32,5.0,59.3
2016207N17116,MIRINAE,2016-07-27 23:09:48.937151721,20.1388,106.3225,112.4,tỉnh Ninh BÌnh,"tỉnh Ninh BÌnh, Thủ đô Hà Nội, tỉnh Phú Thọ, tỉnh Lào Cai, tỉnh Tuyên Quang",0.0,23.7,83.6
2016228N22117,DIANMU,2016-08-19 11:40:16.996889236,20.6561,106.7102,76.5,thành phố Hải Phòng,"tỉnh Hưng Yên, thành phố Hải Phòng, Thủ đô Hà Nội, tỉnh Phú Thọ, tỉnh Sơn La, tỉnh Điện Biên",22.52,13.7,59.5
2016255N12114,RAI,2016-09-13 02:13:01.586951482,15.4969,108.6746,55.6,thành phố Đà Nẵng,thành phố Đà Nẵng,24.61,4.8,55.6
2016279N19130,AERE,2016-10-13 22:25:53.397357636,16.5,107.7425,64.8,thành phố Huế,"thành phố Huế, tỉnh Quảng Trị",30.84,7.2,62.6
2016347N10110,UNNAMED,2016-12-13 06:15:21.661176582,10.9001,108.0736,0.0,tỉnh Lâm Đồng,tỉnh Lâm Đồng,60.33,0.7,0.0
2017195N16114,TALAS,2017-07-17 00:29:42.891314805,18.5834,105.8347,84.3,tỉnh Hà Tĩnh,"tỉnh Hà Tĩnh, tỉnh Nghệ An",0.0,4.0,81.5
2017202N16116,SONCA,2017-07-25 14:25:47.125117149,17.0526,107.114,81.6,tỉnh Quảng Trị,tỉnh Quảng Trị,8.58,3.2,79.1
2017253N14130,DOKSURI,2017-09-15 11:04:08.055437602,17.8003,106.4506,157.7,tỉnh Quảng Trị,tỉnh Quảng Trị,51.86,3.3,146.6
2017267N18116,UNNAMED,2017-09-25 12:15:49.627374264,20.976,107.2244,39.3,tỉnh Quảng Ninh,"tỉnh Quảng Ninh, tỉnh Bắc Ninh, tỉnh Lạng Sơn, tỉnh Thái Nguyên",10.05,6.7,12.8
2017282N17113,UNNAMED,2017-10-10 04:10:28.142069919,18.0234,106.4536,55.6,tỉnh Hà Tĩnh,"tỉnh Hà Tĩnh, tỉnh Nghệ An",14.66,7.5,50.6
2017304N11127,DAMREY,2017-11-04 06:50:17.045560716,12.6393,109.4347,157.7,tỉnh Khánh Hòa,"tỉnh Khánh Hòa, tỉnh Đắk Lắk, tỉnh Lâm Đồng",25.11,7.5,124.2
2017321N07124,KIROGI,2017-11-19 13:20:01.956496563,11.3557,109.0111,45.9,tỉnh Lâm Đồng,"tỉnh Lâm Đồng, tỉnh Khánh Hòa",15.27,5.7,42.0
2018195N19138,SON-TINH,2018-07-19 00:54:12.082958074,18.9936,105.6194,83.5,tỉnh Nghệ An,"tỉnh Nghệ An, tỉnh Thanh Hóa, tỉnh Phú Thọ, tỉnh Ninh BÌnh",0.0,24.6,52.1
2018221N17112,BEBINCA,2018-08-17 04:28:03.086132340,19.4845,105.8065,86.6,tỉnh Nghệ An,"tỉnh Nghệ An, tỉnh Thanh Hóa",29.15,7.9,70.5
2018251N20122,BARIJAT,2018-09-13 20:38:07.345058726,21.5083,108.0224,35.0,tỉnh Quảng Ninh,"tỉnh Quảng Ninh, tỉnh Lạng Sơn",27.67,2.5,33.1
2018321N10113,TORAJI,2018-11-18 12:27:01.853298172,11.6634,109.1733,47.3,tỉnh Khánh Hòa,"tỉnh Khánh Hòa, tỉnh Lâm Đồng, tỉnh Đồng Nai, thành phố Hồ Chí Minh, tỉnh Tây Ninh, tỉnh Đồng Tháp, thành phố Cần Thơ, tỉnh An Giang",65.66,24.2,33.2
2018311N07179,USAGI,2018-11-25 15:34:26.120209926,10.3658,107.1171,75.4,thành phố Hồ Chí Minh,"thành phố Hồ Chí Minh, tỉnh Đồng Nai, tỉnh Tây Ninh",7.13,16.8,57.5
2019182N18114,MUN,2019-07-04 02:49:49.746533084,20.3221,106.617,53.3,tỉnh Hưng Yên,"tỉnh Hưng Yên, Thủ đô Hà Nội, tỉnh Phú Thọ, tỉnh Lào Cai, tỉnh Tuyên Quang",0.0,19.2,36.6
2019210N16117,WIPHA,2019-08-02 21:18:17.986936874,21.5001,108.0243,101.9,tỉnh Quảng Ninh,"tỉnh Quảng Ninh, tỉnh Bắc Ninh, thành phố Hải Phòng, tỉnh Hưng Yên, tỉnh Ninh BÌnh, Thủ đô Hà Nội, tỉnh Thanh Hóa, tỉnh Phú Thọ, tỉnh Nghệ An",29.77,24.8,68.9
2019236N08143,PODUL,2019-08-29 23:37:57.264395487,17.3917,106.71,59.8,tỉnh Quảng Trị,tỉnh Quảng Trị,27.1,1.7,58.2
2019242N18126,KAJIKI,2019-09-03 00:37:43.607094196,16.5619,107.6494,64.8,thành phố Huế,"thành phố Huế, thành phố Đà Nẵng",4.04,7.0,43.5
2019302N11118,BULBUL:MATMO,2019-10-30 22:58:35.704665228,13.4271,109.3117,98.8,tỉnh Đắk Lắk,"tỉnh Đắk Lắk, tỉnh Gia Lai",57.93,6.5,91.7
2019308N13114,NAKRI,2019-11-11 00:06:42.968494958,12.8,109.3592,85.0,tỉnh Khánh Hòa,"tỉnh Khánh Hòa, tỉnh Đắk Lắk",11.05,12.9,60.0
2020211N14124,SINLAKU,2020-08-02 13:28:16.611307510,19.6001,105.8215,81.3,tỉnh Thanh Hóa,"tỉnh Thanh Hóa, tỉnh Nghệ An",0.0,8.6,62.7
2020258N11127,NOUL,2020-09-18 07:40:26.505970359,16.3193,108.0399,81.3,tỉnh Quảng Trị,"thành phố Huế, tỉnh Quảng Trị",46.76,2.3,78.7
2020281N14126,LINFA,2020-10-11 10:18:01.172088846,14.91,108.96,69.8,tỉnh Quảng Ngãi,"tỉnh Quảng Ngãi, thành phố Đà Nẵng",23.11,12.3,47.4
2020285N17120,NANGKA,2020-10-14 16:59:14.168579488,19.9001,106.1166,47.0,tỉnh Thanh Hóa,"tỉnh Thanh Hóa, tỉnh Ninh BÌnh, tỉnh Nghệ An",3.28,5.0,28.9
2020291N06141,SAUDEL,2020-10-26 05:10:05.360927653,17.839,106.4443,40.4,tỉnh Quảng Trị,tỉnh Quảng Trị,11.51,6.1,35.6
2020296N09137,MOLAVE,2020-10-28 11:26:20.656873564,15.0441,108.9124,134.5,tỉnh Quảng Ngãi,"tỉnh Quảng Ngãi, thành phố Đà Nẵng",2.26,6.5,121.6
2020299N11144,GONI,2020-11-06 07:23:48.326997872,14.1265,109.2207,45.8,tỉnh Gia Lai,"tỉnh Gia Lai, tỉnh Quảng Ngãi",8.83,5.6,42.0
2020312N10131,ETAU,2020-11-10 11:11:43.546806016,12.5002,109.261,61.1,tỉnh Khánh Hòa,"tỉnh Khánh Hòa, tỉnh Đắk Lắk, tỉnh Lâm Đồng",4.16,7.4,53.6
2020313N08135,VAMCO,2020-11-15 14:08:48.748601119,17.8148,106.4472,104.0,tỉnh Hà Tĩnh,"tỉnh Hà Tĩnh, tỉnh Quảng Trị",5.12,7.1,83.8
2021161N18115,KOGUMA,2021-06-13 04:19:09.397339312,19.8001,105.9361,45.3,tỉnh Thanh Hóa,"tỉnh Thanh Hóa, tỉnh Nghệ An",0.0,5.1,38.6
2021185N13121,UNNAMED,2021-07-08 04:24:56.824724905,19.9217,106.1351,45.0,tỉnh Ninh BÌnh,"tỉnh Thanh Hóa, tỉnh Ninh BÌnh",25.0,2.6,41.7
2021198N19117,CEMPAKA,2021-07-23 00:56:40.962593216,21.6037,107.6018,37.1,tỉnh Quảng Ninh,tỉnh Quảng Ninh,14.86,4.1,37.1
2021248N11131,CONSON,2021-09-13 15:21:50.708471342,16.1,108.31,37.0,thành phố Đà Nẵng,thành phố Đà Nẵng,52.6,3.2,37.0
2021264N13119,DIANMU,2021-09-23 21:29:42.605740636,15.379,108.8271,61.7,tỉnh Quảng Ngãi,"tỉnh Quảng Ngãi, thành phố Đà Nẵng",10.26,6.3,56.7
2021276N07131,LIONROCK,2021-10-10 14:07:32.470861177,20.7001,106.7929,52.1,thành phố Hải Phòng,"thành phố Hải Phòng, tỉnh Hưng Yên, tỉnh Ninh BÌnh, tỉnh Thanh Hóa",16.69,10.9,25.4
2021280N14137,KOMPASU,2021-10-14 18:26:12.296781484,19.4189,105.7938,7.0,tỉnh Thanh Hóa,tỉnh Thanh Hóa,4.18,0.6,18.5
2021296N06127,UNNAMED,2021-10-27 06:01:51.002169337,12.2516,109.1969,55.3,tỉnh Khánh Hòa,"tỉnh Khánh Hòa, tỉnh Đắk Lắk",12.48,11.2,32.2
2022088N09116,UNNAMED,2022-03-31 06:07:43.196826388,12.8419,109.3872,64.8,tỉnh Khánh Hòa,"tỉnh Khánh Hòa, tỉnh Đắk Lắk, tỉnh Gia Lai",0.0,9.6,58.3
2022220N16110,MULAN,2022-08-11 03:04:44.804987925,21.239,107.4458,0.0,tỉnh Quảng Ninh,"tỉnh Quảng Ninh, tỉnh Bắc Ninh, tỉnh Lạng Sơn, tỉnh Thái Nguyên, tỉnh Tuyên Quang, tỉnh Phú Thọ, tỉnh Lào Cai",132.87,9.9,0.0
2022232N18131,MA-ON,2022-08-25 20:00:18.343961848,21.5003,108.0243,61.7,tỉnh Quảng Ninh,"tỉnh Quảng Ninh, tỉnh Bắc Ninh, tỉnh Lạng Sơn, tỉnh Thái Nguyên, tỉnh Tuyên Quang, tỉnh Lào Cai, tỉnh Sơn La, tỉnh Lai Châu, tỉnh Điện Biên",14.71,16.4,20.8
2022264N17132,NORU,2022-09-28 03:16:45.576131437,15.8001,108.4201,150.4,thành phố Đà Nẵng,thành phố Đà Nẵng,33.3,6.2,138.3
2022285N12116,SONCA,2022-10-15 02:03:37.369803402,15.2708,108.8881,60.2,thành phố Đà Nẵng,"tỉnh Quảng Ngãi, thành phố Đà Nẵng",16.95,9.4,32.2
2023194N16123,TALIM,2023-07-18 18:00:19.465829085,22.3002,106.6658,77.1,tỉnh Lạng Sơn,"tỉnh Lạng Sơn, tỉnh Thái Nguyên, tỉnh Tuyên Quang",0.0,12.6,66.6
2023266N16116,UNNAMED,2023-09-25 20:49:17.030575167,16.0765,108.2473,55.6,thành phố Đà Nẵng,"thành phố Đà Nẵng, thành phố Huế, tỉnh Quảng Trị",69.12,6.2,55.6
2024195N13114,UNNAMED,2024-07-15 17:01:42.412622408,17.5373,106.5946,40.7,tỉnh Quảng Trị,"tỉnh Quảng Trị, tỉnh Hà Tĩnh",0.0,7.4,34.9
2024198N08130,PRAPIROON,2024-07-23 06:00:13.848468343,21.3336,107.6332,77.2,tỉnh Quảng Ninh,"tỉnh Quảng Ninh, tỉnh Lạng Sơn, tỉnh Bắc Ninh",7.54,40.9,19.2
2024244N09137,YAGI,2024-09-07 13:47:10.896767300,20.9244,106.9545,196.4,thành phố Hải Phòng,"thành phố Hải Phòng, tỉnh Quảng Ninh, tỉnh Hưng Yên, tỉnh Bắc Ninh, Thủ đô Hà Nội, tỉnh Phú Thọ, tỉnh Sơn La, tỉnh Lào Cai, tỉnh Lai Châu, tỉnh Điện Biên",46.32,43.9,68.8
2024259N17126,SOULIK,2024-09-19 12:59:05.016708823,16.901,107.2025,64.8,tỉnh Quảng Trị,tỉnh Quảng Trị,11.97,5.5,56.0
2024293N13141,TRAMI,2024-10-27 10:15:38.402310182,16.2653,108.0652,91.8,thành phố Đà Nẵng,"thành phố Đà Nẵng, thành phố Huế, tỉnh Quảng Ngãi",37.89,24.9,51.4
2024307N06143,YINXING,2024-11-12 13:37:24.248818239,14.0793,109.2169,54.8,tỉnh Gia Lai,tỉnh Gia Lai,16.14,11.6,45.9
2025200N19123,WIPHA,2025-07-22 08:49:05.158767604,20.4396,106.6186,77.7,tỉnh Hưng Yên,"tỉnh Hưng Yên, tỉnh Ninh BÌnh",0.0,10.2,67.8
2025230N20107,UNNAMED,2025-08-18 23:45:42.124079725,20.9915,107.3,47.8,tỉnh Quảng Ninh,tỉnh Quảng Ninh,27.62,1.2,48.2
2025235N17117,KAJIKI,2025-08-25 17:06:26.377107048,18.6,105.8262,154.0,tỉnh Hà Tĩnh,tỉnh Hà Tĩnh,6.72,1.9,152.8
2025240N15116,NONGFA,2025-08-30 13:43:28.748908376,17.9114,106.4777,69.1,tỉnh Hà Tĩnh,"tỉnh Hà Tĩnh, tỉnh Quảng Trị",4.86,2.3,65.7
2025267N10134,BUALOI,2025-09-28 23:52:54.980536839,18.0892,106.4219,144.7,tỉnh Hà Tĩnh,tỉnh Hà Tĩnh,29.42,1.1,143.5
2025305N10138,KALMAEGI,2025-11-06 18:19:42.035094994,13.5554,109.2793,185.4,tỉnh Đắk Lắk,"tỉnh Đắk Lắk, tỉnh Gia Lai",38.77,0.7,188.0
